-- MySQL dump 10.13  Distrib 8.0.34, for Win64 (x86_64)
--
-- Host: 15.165.74.87    Database: hanol
-- ------------------------------------------------------
-- Server version	11.1.2-MariaDB-1:11.1.2+maria~ubu2204

/*!40101 SET @OLD_CHARACTER_SET_CLIENT=@@CHARACTER_SET_CLIENT */;
/*!40101 SET @OLD_CHARACTER_SET_RESULTS=@@CHARACTER_SET_RESULTS */;
/*!40101 SET @OLD_COLLATION_CONNECTION=@@COLLATION_CONNECTION */;
/*!50503 SET NAMES utf8mb4 */;
/*!40103 SET @OLD_TIME_ZONE=@@TIME_ZONE */;
/*!40103 SET TIME_ZONE='+00:00' */;
/*!40014 SET @OLD_UNIQUE_CHECKS=@@UNIQUE_CHECKS, UNIQUE_CHECKS=0 */;
/*!40014 SET @OLD_FOREIGN_KEY_CHECKS=@@FOREIGN_KEY_CHECKS, FOREIGN_KEY_CHECKS=0 */;
/*!40101 SET @OLD_SQL_MODE=@@SQL_MODE, SQL_MODE='NO_AUTO_VALUE_ON_ZERO' */;
/*!40111 SET @OLD_SQL_NOTES=@@SQL_NOTES, SQL_NOTES=0 */;

--
-- Table structure for table `batch_job_execution`
--

DROP TABLE IF EXISTS `batch_job_execution`;
/*!40101 SET @saved_cs_client     = @@character_set_client */;
/*!50503 SET character_set_client = utf8mb4 */;
CREATE TABLE `batch_job_execution` (
  `JOB_EXECUTION_ID` bigint(20) NOT NULL,
  `VERSION` bigint(20) DEFAULT NULL,
  `JOB_INSTANCE_ID` bigint(20) NOT NULL,
  `CREATE_TIME` datetime(6) NOT NULL,
  `START_TIME` datetime(6) DEFAULT NULL,
  `END_TIME` datetime(6) DEFAULT NULL,
  `STATUS` varchar(10) DEFAULT NULL,
  `EXIT_CODE` varchar(2500) DEFAULT NULL,
  `EXIT_MESSAGE` varchar(2500) DEFAULT NULL,
  `LAST_UPDATED` datetime(6) DEFAULT NULL,
  `JOB_CONFIGURATION_LOCATION` varchar(2500) DEFAULT NULL,
  PRIMARY KEY (`JOB_EXECUTION_ID`),
  KEY `JOB_INST_EXEC_FK` (`JOB_INSTANCE_ID`),
  CONSTRAINT `JOB_INST_EXEC_FK` FOREIGN KEY (`JOB_INSTANCE_ID`) REFERENCES `batch_job_instance` (`JOB_INSTANCE_ID`)
) ENGINE=InnoDB DEFAULT CHARSET=utf8mb4 COLLATE=utf8mb4_unicode_ci;
/*!40101 SET character_set_client = @saved_cs_client */;

--
-- Dumping data for table `batch_job_execution`
--

LOCK TABLES `batch_job_execution` WRITE;
/*!40000 ALTER TABLE `batch_job_execution` DISABLE KEYS */;
INSERT INTO `batch_job_execution` VALUES (1,2,1,'2023-11-08 00:00:00.013000','2023-11-08 00:00:00.057000','2023-11-08 00:00:00.177000','COMPLETED','COMPLETED','','2023-11-08 00:00:00.177000',NULL),(2,2,2,'2023-11-09 00:00:00.016000','2023-11-09 00:00:00.062000','2023-11-09 00:00:00.188000','COMPLETED','COMPLETED','','2023-11-09 00:00:00.188000',NULL),(3,2,3,'2023-11-10 00:00:00.015000','2023-11-10 00:00:00.060000','2023-11-10 00:00:00.202000','COMPLETED','COMPLETED','','2023-11-10 00:00:00.203000',NULL),(4,2,4,'2023-11-11 00:00:00.019000','2023-11-11 00:00:00.067000','2023-11-11 00:00:00.216000','COMPLETED','COMPLETED','','2023-11-11 00:00:00.216000',NULL),(5,2,5,'2023-11-12 00:00:00.007000','2023-11-12 00:00:00.015000','2023-11-12 00:00:00.066000','COMPLETED','COMPLETED','','2023-11-12 00:00:00.066000',NULL),(6,2,6,'2023-11-13 00:00:00.022000','2023-11-13 00:00:00.073000','2023-11-13 00:00:00.234000','COMPLETED','COMPLETED','','2023-11-13 00:00:00.234000',NULL),(7,2,7,'2023-11-14 00:00:00.020000','2023-11-14 00:00:00.069000','2023-11-14 00:00:00.245000','COMPLETED','COMPLETED','','2023-11-14 00:00:00.246000',NULL),(8,2,8,'2023-11-15 00:00:00.007000','2023-11-15 00:00:00.020000','2023-11-15 00:00:00.065000','COMPLETED','COMPLETED','','2023-11-15 00:00:00.065000',NULL),(9,2,9,'2023-11-16 00:00:00.017000','2023-11-16 00:00:00.072000','2023-11-16 00:00:00.246000','COMPLETED','COMPLETED','','2023-11-16 00:00:00.247000',NULL);
/*!40000 ALTER TABLE `batch_job_execution` ENABLE KEYS */;
UNLOCK TABLES;

--
-- Table structure for table `batch_job_execution_context`
--

DROP TABLE IF EXISTS `batch_job_execution_context`;
/*!40101 SET @saved_cs_client     = @@character_set_client */;
/*!50503 SET character_set_client = utf8mb4 */;
CREATE TABLE `batch_job_execution_context` (
  `JOB_EXECUTION_ID` bigint(20) NOT NULL,
  `SHORT_CONTEXT` varchar(2500) NOT NULL,
  `SERIALIZED_CONTEXT` text DEFAULT NULL,
  PRIMARY KEY (`JOB_EXECUTION_ID`),
  CONSTRAINT `JOB_EXEC_CTX_FK` FOREIGN KEY (`JOB_EXECUTION_ID`) REFERENCES `batch_job_execution` (`JOB_EXECUTION_ID`)
) ENGINE=InnoDB DEFAULT CHARSET=utf8mb4 COLLATE=utf8mb4_unicode_ci;
/*!40101 SET character_set_client = @saved_cs_client */;

--
-- Dumping data for table `batch_job_execution_context`
--

LOCK TABLES `batch_job_execution_context` WRITE;
/*!40000 ALTER TABLE `batch_job_execution_context` DISABLE KEYS */;
INSERT INTO `batch_job_execution_context` VALUES (1,'{\"@class\":\"java.util.HashMap\"}',NULL),(2,'{\"@class\":\"java.util.HashMap\"}',NULL),(3,'{\"@class\":\"java.util.HashMap\"}',NULL),(4,'{\"@class\":\"java.util.HashMap\"}',NULL),(5,'{\"@class\":\"java.util.HashMap\"}',NULL),(6,'{\"@class\":\"java.util.HashMap\"}',NULL),(7,'{\"@class\":\"java.util.HashMap\"}',NULL),(8,'{\"@class\":\"java.util.HashMap\"}',NULL),(9,'{\"@class\":\"java.util.HashMap\"}',NULL);
/*!40000 ALTER TABLE `batch_job_execution_context` ENABLE KEYS */;
UNLOCK TABLES;

--
-- Table structure for table `batch_job_execution_params`
--

DROP TABLE IF EXISTS `batch_job_execution_params`;
/*!40101 SET @saved_cs_client     = @@character_set_client */;
/*!50503 SET character_set_client = utf8mb4 */;
CREATE TABLE `batch_job_execution_params` (
  `JOB_EXECUTION_ID` bigint(20) NOT NULL,
  `TYPE_CD` varchar(6) NOT NULL,
  `KEY_NAME` varchar(100) NOT NULL,
  `STRING_VAL` varchar(250) DEFAULT NULL,
  `DATE_VAL` datetime(6) DEFAULT NULL,
  `LONG_VAL` bigint(20) DEFAULT NULL,
  `DOUBLE_VAL` double DEFAULT NULL,
  `IDENTIFYING` char(1) NOT NULL,
  KEY `JOB_EXEC_PARAMS_FK` (`JOB_EXECUTION_ID`),
  CONSTRAINT `JOB_EXEC_PARAMS_FK` FOREIGN KEY (`JOB_EXECUTION_ID`) REFERENCES `batch_job_execution` (`JOB_EXECUTION_ID`)
) ENGINE=InnoDB DEFAULT CHARSET=utf8mb4 COLLATE=utf8mb4_unicode_ci;
/*!40101 SET character_set_client = @saved_cs_client */;

--
-- Dumping data for table `batch_job_execution_params`
--

LOCK TABLES `batch_job_execution_params` WRITE;
/*!40000 ALTER TABLE `batch_job_execution_params` DISABLE KEYS */;
INSERT INTO `batch_job_execution_params` VALUES (1,'STRING','requestDate','2023-11-08','1970-01-01 09:00:00.000000',0,0,'Y'),(2,'STRING','requestDate','2023-11-09','1970-01-01 09:00:00.000000',0,0,'Y'),(3,'STRING','requestDate','2023-11-10','1970-01-01 09:00:00.000000',0,0,'Y'),(4,'STRING','requestDate','2023-11-11','1970-01-01 09:00:00.000000',0,0,'Y'),(5,'STRING','requestDate','2023-11-12','1970-01-01 09:00:00.000000',0,0,'Y'),(6,'STRING','requestDate','2023-11-13','1970-01-01 09:00:00.000000',0,0,'Y'),(7,'STRING','requestDate','2023-11-14','1970-01-01 09:00:00.000000',0,0,'Y'),(8,'STRING','requestDate','2023-11-15','1970-01-01 09:00:00.000000',0,0,'Y'),(9,'STRING','requestDate','2023-11-16','1970-01-01 09:00:00.000000',0,0,'Y');
/*!40000 ALTER TABLE `batch_job_execution_params` ENABLE KEYS */;
UNLOCK TABLES;

--
-- Table structure for table `batch_job_execution_seq`
--

DROP TABLE IF EXISTS `batch_job_execution_seq`;
/*!40101 SET @saved_cs_client     = @@character_set_client */;
/*!50503 SET character_set_client = utf8mb4 */;
CREATE TABLE `batch_job_execution_seq` (
  `ID` bigint(20) NOT NULL,
  `UNIQUE_KEY` char(1) NOT NULL,
  UNIQUE KEY `UNIQUE_KEY_UN` (`UNIQUE_KEY`)
) ENGINE=InnoDB DEFAULT CHARSET=utf8mb4 COLLATE=utf8mb4_unicode_ci;
/*!40101 SET character_set_client = @saved_cs_client */;

--
-- Dumping data for table `batch_job_execution_seq`
--

LOCK TABLES `batch_job_execution_seq` WRITE;
/*!40000 ALTER TABLE `batch_job_execution_seq` DISABLE KEYS */;
INSERT INTO `batch_job_execution_seq` VALUES (9,'0');
/*!40000 ALTER TABLE `batch_job_execution_seq` ENABLE KEYS */;
UNLOCK TABLES;

--
-- Table structure for table `batch_job_instance`
--

DROP TABLE IF EXISTS `batch_job_instance`;
/*!40101 SET @saved_cs_client     = @@character_set_client */;
/*!50503 SET character_set_client = utf8mb4 */;
CREATE TABLE `batch_job_instance` (
  `JOB_INSTANCE_ID` bigint(20) NOT NULL,
  `VERSION` bigint(20) DEFAULT NULL,
  `JOB_NAME` varchar(100) NOT NULL,
  `JOB_KEY` varchar(32) NOT NULL,
  PRIMARY KEY (`JOB_INSTANCE_ID`),
  UNIQUE KEY `JOB_INST_UN` (`JOB_NAME`,`JOB_KEY`)
) ENGINE=InnoDB DEFAULT CHARSET=utf8mb4 COLLATE=utf8mb4_unicode_ci;
/*!40101 SET character_set_client = @saved_cs_client */;

--
-- Dumping data for table `batch_job_instance`
--

LOCK TABLES `batch_job_instance` WRITE;
/*!40000 ALTER TABLE `batch_job_instance` DISABLE KEYS */;
INSERT INTO `batch_job_instance` VALUES (1,0,'dailyRoutineJob','6d51e9e76df1e01fcc6dcbf925360008'),(2,0,'dailyRoutineJob','9f420fdd9f564c4912dbea321d637b2a'),(3,0,'dailyRoutineJob','f4f72c2f3b1a6ba64568df5ffbc0ef79'),(4,0,'dailyRoutineJob','c2edb287d5f4c5cd488f0d05f0dae632'),(5,0,'dailyRoutineJob','ae56bf8ca3b2f70c56788bc8ce27d046'),(6,0,'dailyRoutineJob','9a2979889501b313e32500e30446ca98'),(7,0,'dailyRoutineJob','cbaf3ba64de599cdff1d2b37c0f9a989'),(8,0,'dailyRoutineJob','a599a359daa5410b91fe264e7a111cf2'),(9,0,'dailyRoutineJob','0b992751fc79b2eae3eb6b26298cefb6');
/*!40000 ALTER TABLE `batch_job_instance` ENABLE KEYS */;
UNLOCK TABLES;

--
-- Table structure for table `batch_job_seq`
--

DROP TABLE IF EXISTS `batch_job_seq`;
/*!40101 SET @saved_cs_client     = @@character_set_client */;
/*!50503 SET character_set_client = utf8mb4 */;
CREATE TABLE `batch_job_seq` (
  `ID` bigint(20) NOT NULL,
  `UNIQUE_KEY` char(1) NOT NULL,
  UNIQUE KEY `UNIQUE_KEY_UN` (`UNIQUE_KEY`)
) ENGINE=InnoDB DEFAULT CHARSET=utf8mb4 COLLATE=utf8mb4_unicode_ci;
/*!40101 SET character_set_client = @saved_cs_client */;

--
-- Dumping data for table `batch_job_seq`
--

LOCK TABLES `batch_job_seq` WRITE;
/*!40000 ALTER TABLE `batch_job_seq` DISABLE KEYS */;
INSERT INTO `batch_job_seq` VALUES (9,'0');
/*!40000 ALTER TABLE `batch_job_seq` ENABLE KEYS */;
UNLOCK TABLES;

--
-- Table structure for table `batch_step_execution`
--

DROP TABLE IF EXISTS `batch_step_execution`;
/*!40101 SET @saved_cs_client     = @@character_set_client */;
/*!50503 SET character_set_client = utf8mb4 */;
CREATE TABLE `batch_step_execution` (
  `STEP_EXECUTION_ID` bigint(20) NOT NULL,
  `VERSION` bigint(20) NOT NULL,
  `STEP_NAME` varchar(100) NOT NULL,
  `JOB_EXECUTION_ID` bigint(20) NOT NULL,
  `START_TIME` datetime(6) NOT NULL,
  `END_TIME` datetime(6) DEFAULT NULL,
  `STATUS` varchar(10) DEFAULT NULL,
  `COMMIT_COUNT` bigint(20) DEFAULT NULL,
  `READ_COUNT` bigint(20) DEFAULT NULL,
  `FILTER_COUNT` bigint(20) DEFAULT NULL,
  `WRITE_COUNT` bigint(20) DEFAULT NULL,
  `READ_SKIP_COUNT` bigint(20) DEFAULT NULL,
  `WRITE_SKIP_COUNT` bigint(20) DEFAULT NULL,
  `PROCESS_SKIP_COUNT` bigint(20) DEFAULT NULL,
  `ROLLBACK_COUNT` bigint(20) DEFAULT NULL,
  `EXIT_CODE` varchar(2500) DEFAULT NULL,
  `EXIT_MESSAGE` varchar(2500) DEFAULT NULL,
  `LAST_UPDATED` datetime(6) DEFAULT NULL,
  PRIMARY KEY (`STEP_EXECUTION_ID`),
  KEY `JOB_EXEC_STEP_FK` (`JOB_EXECUTION_ID`),
  CONSTRAINT `JOB_EXEC_STEP_FK` FOREIGN KEY (`JOB_EXECUTION_ID`) REFERENCES `batch_job_execution` (`JOB_EXECUTION_ID`)
) ENGINE=InnoDB DEFAULT CHARSET=utf8mb4 COLLATE=utf8mb4_unicode_ci;
/*!40101 SET character_set_client = @saved_cs_client */;

--
-- Dumping data for table `batch_step_execution`
--

LOCK TABLES `batch_step_execution` WRITE;
/*!40000 ALTER TABLE `batch_step_execution` DISABLE KEYS */;
INSERT INTO `batch_step_execution` VALUES (1,3,'dailyRoutineJob_step',1,'2023-11-08 00:00:00.127000','2023-11-08 00:00:00.170000','COMPLETED',1,10,0,10,0,0,0,0,'COMPLETED','','2023-11-08 00:00:00.171000'),(2,3,'dailyRoutineJob_step',2,'2023-11-09 00:00:00.135000','2023-11-09 00:00:00.183000','COMPLETED',1,16,0,16,0,0,0,0,'COMPLETED','','2023-11-09 00:00:00.184000'),(3,3,'dailyRoutineJob_step',3,'2023-11-10 00:00:00.143000','2023-11-10 00:00:00.197000','COMPLETED',1,21,0,21,0,0,0,0,'COMPLETED','','2023-11-10 00:00:00.198000'),(4,3,'dailyRoutineJob_step',4,'2023-11-11 00:00:00.143000','2023-11-11 00:00:00.210000','COMPLETED',1,26,0,26,0,0,0,0,'COMPLETED','','2023-11-11 00:00:00.211000'),(5,3,'dailyRoutineJob_step',5,'2023-11-12 00:00:00.037000','2023-11-12 00:00:00.060000','COMPLETED',1,26,0,26,0,0,0,0,'COMPLETED','','2023-11-12 00:00:00.061000'),(6,3,'dailyRoutineJob_step',6,'2023-11-13 00:00:00.152000','2023-11-13 00:00:00.226000','COMPLETED',1,28,0,28,0,0,0,0,'COMPLETED','','2023-11-13 00:00:00.227000'),(7,3,'dailyRoutineJob_step',7,'2023-11-14 00:00:00.153000','2023-11-14 00:00:00.239000','COMPLETED',1,47,0,47,0,0,0,0,'COMPLETED','','2023-11-14 00:00:00.240000'),(8,3,'dailyRoutineJob_step',8,'2023-11-15 00:00:00.037000','2023-11-15 00:00:00.061000','COMPLETED',1,76,0,76,0,0,0,0,'COMPLETED','','2023-11-15 00:00:00.062000'),(9,3,'dailyRoutineJob_step',9,'2023-11-16 00:00:00.158000','2023-11-16 00:00:00.239000','COMPLETED',1,68,0,68,0,0,0,0,'COMPLETED','','2023-11-16 00:00:00.240000');
/*!40000 ALTER TABLE `batch_step_execution` ENABLE KEYS */;
UNLOCK TABLES;

--
-- Table structure for table `batch_step_execution_context`
--

DROP TABLE IF EXISTS `batch_step_execution_context`;
/*!40101 SET @saved_cs_client     = @@character_set_client */;
/*!50503 SET character_set_client = utf8mb4 */;
CREATE TABLE `batch_step_execution_context` (
  `STEP_EXECUTION_ID` bigint(20) NOT NULL,
  `SHORT_CONTEXT` varchar(2500) NOT NULL,
  `SERIALIZED_CONTEXT` text DEFAULT NULL,
  PRIMARY KEY (`STEP_EXECUTION_ID`),
  CONSTRAINT `STEP_EXEC_CTX_FK` FOREIGN KEY (`STEP_EXECUTION_ID`) REFERENCES `batch_step_execution` (`STEP_EXECUTION_ID`)
) ENGINE=InnoDB DEFAULT CHARSET=utf8mb4 COLLATE=utf8mb4_unicode_ci;
/*!40101 SET character_set_client = @saved_cs_client */;

--
-- Dumping data for table `batch_step_execution_context`
--

LOCK TABLES `batch_step_execution_context` WRITE;
/*!40000 ALTER TABLE `batch_step_execution_context` DISABLE KEYS */;
INSERT INTO `batch_step_execution_context` VALUES (1,'{\"@class\":\"java.util.HashMap\",\"dailyRoutineJob_reader.read.count\":11,\"batch.taskletType\":\"org.springframework.batch.core.step.item.ChunkOrientedTasklet\",\"batch.stepType\":\"org.springframework.batch.core.step.tasklet.TaskletStep\"}',NULL),(2,'{\"@class\":\"java.util.HashMap\",\"dailyRoutineJob_reader.read.count\":17,\"batch.taskletType\":\"org.springframework.batch.core.step.item.ChunkOrientedTasklet\",\"batch.stepType\":\"org.springframework.batch.core.step.tasklet.TaskletStep\"}',NULL),(3,'{\"@class\":\"java.util.HashMap\",\"dailyRoutineJob_reader.read.count\":22,\"batch.taskletType\":\"org.springframework.batch.core.step.item.ChunkOrientedTasklet\",\"batch.stepType\":\"org.springframework.batch.core.step.tasklet.TaskletStep\"}',NULL),(4,'{\"@class\":\"java.util.HashMap\",\"dailyRoutineJob_reader.read.count\":27,\"batch.taskletType\":\"org.springframework.batch.core.step.item.ChunkOrientedTasklet\",\"batch.stepType\":\"org.springframework.batch.core.step.tasklet.TaskletStep\"}',NULL),(5,'{\"@class\":\"java.util.HashMap\",\"dailyRoutineJob_reader.read.count\":27,\"batch.taskletType\":\"org.springframework.batch.core.step.item.ChunkOrientedTasklet\",\"batch.stepType\":\"org.springframework.batch.core.step.tasklet.TaskletStep\"}',NULL),(6,'{\"@class\":\"java.util.HashMap\",\"dailyRoutineJob_reader.read.count\":29,\"batch.taskletType\":\"org.springframework.batch.core.step.item.ChunkOrientedTasklet\",\"batch.stepType\":\"org.springframework.batch.core.step.tasklet.TaskletStep\"}',NULL),(7,'{\"@class\":\"java.util.HashMap\",\"dailyRoutineJob_reader.read.count\":48,\"batch.taskletType\":\"org.springframework.batch.core.step.item.ChunkOrientedTasklet\",\"batch.stepType\":\"org.springframework.batch.core.step.tasklet.TaskletStep\"}',NULL),(8,'{\"@class\":\"java.util.HashMap\",\"dailyRoutineJob_reader.read.count\":77,\"batch.taskletType\":\"org.springframework.batch.core.step.item.ChunkOrientedTasklet\",\"batch.stepType\":\"org.springframework.batch.core.step.tasklet.TaskletStep\"}',NULL),(9,'{\"@class\":\"java.util.HashMap\",\"QueryDslNoOffsetIdPagingItemReader.read.count\":69,\"batch.taskletType\":\"org.springframework.batch.core.step.item.ChunkOrientedTasklet\",\"batch.stepType\":\"org.springframework.batch.core.step.tasklet.TaskletStep\"}',NULL);
/*!40000 ALTER TABLE `batch_step_execution_context` ENABLE KEYS */;
UNLOCK TABLES;

--
-- Table structure for table `batch_step_execution_seq`
--

DROP TABLE IF EXISTS `batch_step_execution_seq`;
/*!40101 SET @saved_cs_client     = @@character_set_client */;
/*!50503 SET character_set_client = utf8mb4 */;
CREATE TABLE `batch_step_execution_seq` (
  `ID` bigint(20) NOT NULL,
  `UNIQUE_KEY` char(1) NOT NULL,
  UNIQUE KEY `UNIQUE_KEY_UN` (`UNIQUE_KEY`)
) ENGINE=InnoDB DEFAULT CHARSET=utf8mb4 COLLATE=utf8mb4_unicode_ci;
/*!40101 SET character_set_client = @saved_cs_client */;

--
-- Dumping data for table `batch_step_execution_seq`
--

LOCK TABLES `batch_step_execution_seq` WRITE;
/*!40000 ALTER TABLE `batch_step_execution_seq` DISABLE KEYS */;
INSERT INTO `batch_step_execution_seq` VALUES (9,'0');
/*!40000 ALTER TABLE `batch_step_execution_seq` ENABLE KEYS */;
UNLOCK TABLES;

--
-- Table structure for table `diagnosis`
--

DROP TABLE IF EXISTS `diagnosis`;
/*!40101 SET @saved_cs_client     = @@character_set_client */;
/*!50503 SET character_set_client = utf8mb4 */;
CREATE TABLE `diagnosis` (
  `diagnosis_id` bigint(20) NOT NULL AUTO_INCREMENT,
  `created_date` datetime(6) NOT NULL,
  `updated_date` datetime(6) DEFAULT NULL,
  `device_type` int(11) NOT NULL,
  `image_url` varchar(255) DEFAULT NULL,
  `scan_part` int(11) NOT NULL,
  `value_1` int(11) DEFAULT NULL,
  `value_2` int(11) DEFAULT NULL,
  `value_3` int(11) DEFAULT NULL,
  `value_4` int(11) DEFAULT NULL,
  `value_5` int(11) DEFAULT NULL,
  `value_6` int(11) DEFAULT NULL,
  `member_id` bigint(20) NOT NULL,
  PRIMARY KEY (`diagnosis_id`),
  KEY `FKggaas8hghjptadq3vkhpydv9t` (`member_id`),
  CONSTRAINT `FKggaas8hghjptadq3vkhpydv9t` FOREIGN KEY (`member_id`) REFERENCES `member` (`member_id`)
) ENGINE=InnoDB AUTO_INCREMENT=365 DEFAULT CHARSET=utf8mb4 COLLATE=utf8mb4_unicode_ci;
/*!40101 SET character_set_client = @saved_cs_client */;

--
-- Dumping data for table `diagnosis`
--

LOCK TABLES `diagnosis` WRITE;
/*!40000 ALTER TABLE `diagnosis` DISABLE KEYS */;
INSERT INTO `diagnosis` VALUES (1,'2023-11-08 13:22:16.000000',NULL,1,NULL,2,0,1,2,3,2,1,1),(2,'2023-11-08 13:22:16.000000',NULL,0,NULL,4,0,0,0,0,0,0,1),(3,'2023-11-08 13:22:16.000000',NULL,1,NULL,3,1,1,2,2,3,3,1),(4,'2023-11-08 13:22:16.000000',NULL,1,'https://hanol-bucket.s3.ap-northeast-2.amazonaws.com/test/member_4/2bea1858-0efa-4cca-a8bd-3f8ddac93107_2023-11-08.jpg',3,2,1,2,2,0,0,1),(5,'2023-11-08 13:22:16.000000',NULL,2,'https://hanol-bucket.s3.ap-northeast-2.amazonaws.com/test/member_4/468e4df0-6d19-46e1-a2a7-302456896dd7_2023-11-07.jpg',0,0,1,1,1,3,2,1),(6,'2023-11-08 13:22:16.000000',NULL,1,NULL,2,0,1,2,3,2,1,1),(7,'2023-11-08 13:22:16.000000',NULL,0,NULL,4,0,0,0,0,0,0,1),(8,'2023-11-08 13:22:17.000000',NULL,3,'https://hanol-bucket.s3.ap-northeast-2.amazonaws.com/test/member_4/468e4df0-6d19-46e1-a2a7-302456896dd7_2023-11-07.jpg',1,1,2,2,0,2,3,1),(9,'2023-11-08 13:22:18.000000',NULL,1,NULL,2,0,1,2,3,2,1,1),(10,'2023-11-08 13:22:18.000000',NULL,0,NULL,4,0,0,0,0,0,0,1),(11,'2023-11-08 13:22:18.000000',NULL,1,NULL,3,1,1,2,2,3,3,1),(12,'2023-11-08 13:22:18.000000',NULL,1,'https://hanol-bucket.s3.ap-northeast-2.amazonaws.com/test/member_4/2bea1858-0efa-4cca-a8bd-3f8ddac93107_2023-11-08.jpg',3,2,1,2,2,0,0,1),(13,'2023-11-08 13:22:18.000000',NULL,2,'https://hanol-bucket.s3.ap-northeast-2.amazonaws.com/test/member_4/468e4df0-6d19-46e1-a2a7-302456896dd7_2023-11-07.jpg',0,0,1,1,1,3,2,1),(14,'2023-11-08 13:22:18.000000',NULL,1,NULL,2,0,1,2,3,2,1,1),(15,'2023-11-08 13:22:18.000000',NULL,0,NULL,4,0,0,0,0,0,0,1),(16,'2023-11-08 13:22:18.000000',NULL,3,'https://hanol-bucket.s3.ap-northeast-2.amazonaws.com/test/member_4/468e4df0-6d19-46e1-a2a7-302456896dd7_2023-11-07.jpg',1,1,2,2,0,2,3,1),(17,'2023-11-08 13:22:19.000000',NULL,1,NULL,2,0,1,2,3,2,1,1),(18,'2023-11-08 13:22:19.000000',NULL,0,NULL,4,0,0,0,0,0,0,1),(19,'2023-11-08 13:22:19.000000',NULL,1,NULL,3,1,1,2,2,3,3,1),(20,'2023-11-08 13:22:19.000000',NULL,1,'https://hanol-bucket.s3.ap-northeast-2.amazonaws.com/test/member_4/2bea1858-0efa-4cca-a8bd-3f8ddac93107_2023-11-08.jpg',3,2,1,2,2,0,0,1),(21,'2023-11-08 13:22:19.000000',NULL,2,'https://hanol-bucket.s3.ap-northeast-2.amazonaws.com/test/member_4/468e4df0-6d19-46e1-a2a7-302456896dd7_2023-11-07.jpg',0,0,1,1,1,3,2,1),(22,'2023-11-08 13:22:19.000000',NULL,1,NULL,2,0,1,2,3,2,1,1),(23,'2023-11-08 13:22:19.000000',NULL,0,NULL,4,0,0,0,0,0,0,1),(24,'2023-11-08 13:22:19.000000',NULL,3,'https://hanol-bucket.s3.ap-northeast-2.amazonaws.com/test/member_4/468e4df0-6d19-46e1-a2a7-302456896dd7_2023-11-07.jpg',1,1,2,2,0,2,3,1),(25,'2023-11-08 13:25:15.137665','2023-11-08 13:25:16.731494',0,'https://hanol-bucket.s3.ap-northeast-2.amazonaws.com/test/member_2/dd70e13a-c639-43ae-bc74-47c2ca4c0789_2023-11-08.jpg',0,0,1,0,3,3,0,2),(26,'2023-11-08 13:26:12.216791','2023-11-08 13:26:13.737840',0,'https://hanol-bucket.s3.ap-northeast-2.amazonaws.com/test/member_2/32c15d09-5d6c-4815-8503-8af17c8437c1_2023-11-08.jpg',0,0,1,0,3,3,1,2),(27,'2023-11-08 13:49:49.448858','2023-11-08 13:49:49.448858',0,'https://hanol-bucket.s3.ap-northeast-2.amazonaws.com/test/member_2/77de5529-f430-4f0b-948d-51ad219191e5_2023-11-08.jpg',0,1,1,1,1,1,1,2),(28,'2023-11-08 13:49:51.243004','2023-11-08 13:49:52.657156',0,'https://hanol-bucket.s3.ap-northeast-2.amazonaws.com/test/member_2/25c31c59-c384-4150-86e8-84f8ade7fd96_2023-11-08.jpg',0,0,1,0,3,0,1,2),(29,'2023-11-08 15:05:16.797384','2023-11-08 15:05:18.296679',0,'https://hanol-bucket.s3.ap-northeast-2.amazonaws.com/test/member_2/f695717d-ba7d-45aa-b4a3-553f8aaca271_2023-11-08.jpg',0,0,1,0,3,3,0,2),(30,'2023-11-08 15:43:00.598664','2023-11-08 15:43:00.598664',0,'https://hanol-bucket.s3.ap-northeast-2.amazonaws.com/test/member_2/6aa5557e-33a3-4e34-82ea-c65da55416af_2023-11-08.jpg',0,1,1,1,1,1,1,2),(31,'2023-11-08 15:43:05.714211','2023-11-08 15:43:07.222933',0,'https://hanol-bucket.s3.ap-northeast-2.amazonaws.com/test/member_2/ba2c73b2-4b5e-4f16-a466-5f3d1aef674c_2023-11-08.jpg',0,0,1,0,3,3,1,2),(32,'2023-11-08 15:46:55.776280','2023-11-08 15:46:57.286404',0,'https://hanol-bucket.s3.ap-northeast-2.amazonaws.com/test/member_3/f1a8668e-5e92-4b2a-a9ef-ad8f652b92a7_2023-11-08.jpg',0,0,0,0,1,0,3,3),(33,'2023-11-08 15:47:49.799065','2023-11-08 15:47:51.326544',0,'https://hanol-bucket.s3.ap-northeast-2.amazonaws.com/test/member_3/c86dacf9-0e26-47ed-a1f3-07ec8edf4e35_2023-11-08.jpg',0,0,0,0,0,0,0,3),(34,'2023-11-09 10:33:10.934711','2023-11-09 10:33:10.934711',0,'https://hanol-bucket.s3.ap-northeast-2.amazonaws.com/test/member_2/87e6ad1d-c22c-4569-a78a-48191e7999c9_2023-11-09.jpg',0,1,1,1,1,1,1,2),(35,'2023-11-09 10:34:16.664391','2023-11-09 10:34:16.664391',0,'https://hanol-bucket.s3.ap-northeast-2.amazonaws.com/test/member_2/aafa06dc-6026-4040-b433-55d2e63cfad7_2023-11-09.jpg',0,1,1,1,1,1,1,2),(36,'2023-11-09 10:40:00.968192','2023-11-09 10:40:00.968192',0,'https://hanol-bucket.s3.ap-northeast-2.amazonaws.com/test/member_2/45cdf48c-2b6e-4680-a0f9-8c4422633a6c_2023-11-09.jpg',0,1,1,1,1,1,1,2),(37,'2023-11-09 10:40:34.161070','2023-11-09 10:40:34.161070',0,'https://hanol-bucket.s3.ap-northeast-2.amazonaws.com/test/member_2/93e96b7e-f5b1-41dd-9b78-bf8754d2fcc1_2023-11-09.jpg',0,1,1,1,1,1,1,2),(38,'2023-11-09 10:47:49.956042','2023-11-09 10:47:49.956042',0,'https://hanol-bucket.s3.ap-northeast-2.amazonaws.com/test/member_2/71ad4412-1ab0-44b3-b65b-1be122e5c65b_2023-11-09.jpg',0,1,1,1,1,1,1,2),(39,'2023-11-09 10:55:58.795708','2023-11-09 10:55:58.795708',0,'https://hanol-bucket.s3.ap-northeast-2.amazonaws.com/test/member_2/1089fff5-4724-46f0-bac1-60962ba11ebc_2023-11-09.jpg',0,1,1,1,1,1,1,2),(43,'2023-11-09 12:43:42.528419','2023-11-09 12:43:42.528419',0,'https://hanol-bucket.s3.ap-northeast-2.amazonaws.com/test/member_1/7223cfa2-0112-4a24-8c81-4b19e010f14d_2023-11-09.jpg',0,1,1,1,1,1,1,1),(44,'2023-11-09 12:44:17.492775','2023-11-09 12:44:17.492775',0,'https://hanol-bucket.s3.ap-northeast-2.amazonaws.com/test/member_1/9b579de7-5a5c-45b6-9683-ea22f885f34d_2023-11-09.jpg',0,1,1,1,1,1,1,1),(45,'2023-11-09 12:45:33.613047','2023-11-09 12:45:33.613047',0,'https://hanol-bucket.s3.ap-northeast-2.amazonaws.com/test/member_1/09fa12a9-e0e3-4c00-8500-efac66deaddb_2023-11-09.jpg',0,1,1,1,1,1,1,1),(46,'2023-11-09 12:49:43.454346','2023-11-09 12:49:43.454346',0,'https://hanol-bucket.s3.ap-northeast-2.amazonaws.com/test/member_1/039fa5da-b2c2-4e72-843b-433da813cbf2_2023-11-09.jpg',0,1,1,1,1,1,1,1),(47,'2023-11-09 12:50:43.318444','2023-11-09 12:50:43.318444',0,'https://hanol-bucket.s3.ap-northeast-2.amazonaws.com/test/member_1/2cae2fa0-9c3e-494a-ac7e-bfde058f0aeb_2023-11-09.jpg',0,1,1,1,1,1,1,1),(48,'2023-11-09 13:06:04.718896','2023-11-09 13:06:04.718896',1,'https://hanol-bucket.s3.ap-northeast-2.amazonaws.com/test/member_3/67a0a416-ac31-4156-b83a-4ce638dc7e20_2023-11-09.jpg',3,1,1,1,1,1,1,3),(49,'2023-11-09 13:06:58.403352','2023-11-09 13:06:58.403352',1,'https://hanol-bucket.s3.ap-northeast-2.amazonaws.com/test/member_3/dba74150-1ca3-425f-9790-41ecf5b92cc5_2023-11-09.jpg',3,1,1,1,1,1,1,3),(56,'2023-11-09 14:33:04.648609','2023-11-09 14:33:10.934412',1,'https://hanol-bucket.s3.ap-northeast-2.amazonaws.com/test/member_2/ab37be19-6a80-425c-a0ce-b9d52a1e53d5_2023-11-09.jpg',1,0,0,0,3,2,3,2),(57,'2023-11-09 14:34:56.110622','2023-11-09 14:35:01.008574',1,'https://hanol-bucket.s3.ap-northeast-2.amazonaws.com/test/member_2/3893406a-7c53-4831-8c89-10290702b29f_2023-11-09.jpg',3,3,3,3,3,3,3,4),(58,'2023-11-09 23:00:01.642757','2023-11-09 23:00:01.642757',1,'https://hanol-bucket.s3.ap-northeast-2.amazonaws.com/test/member_7/e41859d0-8d52-4d61-8026-0949870172cd_2023-11-09.jpg',1,-1,-1,-1,-1,-1,-1,7),(65,'2023-11-10 12:49:46.007473','2023-11-10 12:49:46.007473',1,'https://hanol-bucket.s3.ap-northeast-2.amazonaws.com/test/member_2/3011f344-a0e8-450e-bae3-c6ac4ce2018e_2023-11-10.jpg',1,-1,-1,-1,-1,-1,-1,2),(66,'2023-11-10 12:49:49.429533','2023-11-10 12:49:49.429533',1,'https://hanol-bucket.s3.ap-northeast-2.amazonaws.com/test/member_2/50869022-08e7-4c9d-a23c-69bda0c3d1be_2023-11-10.jpg',1,-1,-1,-1,-1,-1,-1,2),(67,'2023-11-10 12:50:06.142309','2023-11-10 12:50:10.480678',1,'https://hanol-bucket.s3.ap-northeast-2.amazonaws.com/test/member_2/95c4e0b0-7e02-475c-8f9a-25f02aa7a3d9_2023-11-10.jpg',1,1,0,0,3,2,3,2),(68,'2023-11-10 14:01:39.054329','2023-11-10 14:01:48.159994',1,'https://hanol-bucket.s3.ap-northeast-2.amazonaws.com/test/member_5/fbfdefaf-a220-42ae-a3d1-23c5acb007a5_2023-11-10.jpg',2,0,2,1,3,3,0,5),(69,'2023-11-10 14:02:43.401829','2023-11-10 14:02:46.794427',1,'https://hanol-bucket.s3.ap-northeast-2.amazonaws.com/test/member_4/50a83524-2b81-4f7b-99a4-7ebb9becb3f2_2023-11-10.jpg',2,1,2,0,3,1,3,4),(70,'2023-11-10 14:02:43.438465','2023-11-10 14:02:51.494901',1,'https://hanol-bucket.s3.ap-northeast-2.amazonaws.com/test/member_5/06765bc3-a87d-474b-a7af-574663252ae6_2023-11-10.jpg',2,3,3,1,1,3,1,5),(72,'2023-11-10 14:02:43.655039','2023-11-10 14:03:01.544165',1,'https://hanol-bucket.s3.ap-northeast-2.amazonaws.com/test/member_2/4c0e025a-fbdb-40c2-9fed-8ea34854cef8_2023-11-10.jpg',2,0,0,0,0,2,0,2),(73,'2023-11-10 14:02:43.665908','2023-11-10 14:03:05.822483',1,'https://hanol-bucket.s3.ap-northeast-2.amazonaws.com/test/member_3/d5c6b709-9211-4f49-b0d3-f5771213c17d_2023-11-10.jpg',0,1,0,0,2,3,0,3),(74,'2023-11-10 14:02:43.846962','2023-11-10 14:03:09.578481',1,'https://hanol-bucket.s3.ap-northeast-2.amazonaws.com/test/member_7/283e46bc-579c-4a2c-aff3-01099460ac3f_2023-11-10.jpg',2,0,3,1,3,2,0,7),(75,'2023-11-10 14:05:34.652798','2023-11-10 14:05:38.347097',1,'https://hanol-bucket.s3.ap-northeast-2.amazonaws.com/test/member_3/5b6a8ef7-7fc5-45af-9f43-59892309f512_2023-11-10.jpg',5,2,1,1,3,3,1,3),(76,'2023-11-10 14:52:51.616993','2023-11-10 14:52:51.616993',1,'https://hanol-bucket.s3.ap-northeast-2.amazonaws.com/test/member_2/b746b376-ce16-4485-9436-8df6229ad1d2_2023-11-10.jpg',3,-1,-1,-1,-1,-1,-1,2),(77,'2023-11-10 15:45:28.085867','2023-11-10 15:45:28.085867',1,'https://hanol-bucket.s3.ap-northeast-2.amazonaws.com/test/member_2/8790149f-0d84-43c7-80c7-f02f2b42b2f6_2023-11-10.jpg',2,-1,-1,-1,-1,-1,-1,2),(78,'2023-11-10 15:46:10.402883','2023-11-10 15:46:10.402883',1,'https://hanol-bucket.s3.ap-northeast-2.amazonaws.com/test/member_2/3f0028f9-439c-43fa-991e-35270f64eb8a_2023-11-10.jpg',1,-1,-1,-1,-1,-1,-1,2),(79,'2023-11-10 15:49:18.941083','2023-11-10 15:49:18.941083',1,'https://hanol-bucket.s3.ap-northeast-2.amazonaws.com/test/member_2/ae9c7aff-7a3f-489d-94ec-cb2a84c814c0_2023-11-10.jpg',1,-1,-1,-1,-1,-1,-1,2),(80,'2023-11-10 15:50:21.123925','2023-11-10 15:50:21.123925',1,'https://hanol-bucket.s3.ap-northeast-2.amazonaws.com/test/member_2/d1f61b8a-fd4b-492c-a0b8-34290d498e15_2023-11-10.jpg',3,-1,-1,-1,-1,-1,-1,2),(81,'2023-11-10 15:50:50.220912','2023-11-10 15:50:50.220912',1,'https://hanol-bucket.s3.ap-northeast-2.amazonaws.com/test/member_6/cc268aa7-c7e0-40d5-bc50-ce88deb36290_2023-11-10.jpg',2,-1,-1,-1,-1,-1,-1,6),(82,'2023-11-10 15:52:35.096704','2023-11-10 15:52:35.096704',1,'https://hanol-bucket.s3.ap-northeast-2.amazonaws.com/test/member_6/b6f45d3f-6609-4a1d-a989-141df3284a37_2023-11-10.jpg',2,-1,-1,-1,-1,-1,-1,6),(83,'2023-11-10 15:55:37.719777','2023-11-10 15:55:37.719777',1,'https://hanol-bucket.s3.ap-northeast-2.amazonaws.com/test/member_2/a4c88202-bbda-4024-b747-745450e34200_2023-11-10.jpg',3,-1,-1,-1,-1,-1,-1,2),(84,'2023-11-10 15:58:11.688442','2023-11-10 15:58:11.688442',1,'https://hanol-bucket.s3.ap-northeast-2.amazonaws.com/test/member_6/8a3674b1-6eee-4e73-a04b-9c9916f6fea4_2023-11-10.jpg',2,-1,-1,-1,-1,-1,-1,6),(85,'2023-11-10 15:58:11.832378','2023-11-10 15:58:11.832378',1,'https://hanol-bucket.s3.ap-northeast-2.amazonaws.com/test/member_2/6076459e-4bab-49db-b267-aa364abe1711_2023-11-10.jpg',3,-1,-1,-1,-1,-1,-1,2),(86,'2023-11-10 16:07:06.514310','2023-11-10 16:07:26.487033',1,'https://hanol-bucket.s3.ap-northeast-2.amazonaws.com/test/member_2/292e30ff-f528-4c31-ab72-6c003faaf08a_2023-11-10.jpg',3,0,1,0,3,3,2,2),(87,'2023-11-10 16:07:23.539789','2023-11-10 16:07:23.539789',1,'https://hanol-bucket.s3.ap-northeast-2.amazonaws.com/test/member_2/513a215a-f3fe-4cc2-8641-ff87b6417f19_2023-11-10.jpg',3,-1,-1,-1,-1,-1,-1,2),(88,'2023-11-10 16:07:24.031150','2023-11-10 16:07:24.031150',1,'https://hanol-bucket.s3.ap-northeast-2.amazonaws.com/test/member_6/624e20ef-d639-4853-a06c-494501f9fb87_2023-11-10.jpg',2,-1,-1,-1,-1,-1,-1,6),(89,'2023-11-10 16:07:38.416852','2023-11-10 16:07:38.416852',1,'https://hanol-bucket.s3.ap-northeast-2.amazonaws.com/test/member_6/f83ec0d9-de94-4b20-95f7-43f04c3aa6f3_2023-11-10.jpg',2,-1,-1,-1,-1,-1,-1,6),(90,'2023-11-10 16:08:00.098117','2023-11-10 16:08:00.098117',1,'https://hanol-bucket.s3.ap-northeast-2.amazonaws.com/test/member_6/742e446e-1e27-4d91-8142-21bdfc35d588_2023-11-10.jpg',2,-1,-1,-1,-1,-1,-1,6),(91,'2023-11-10 16:08:32.251809','2023-11-10 16:08:36.496096',1,'https://hanol-bucket.s3.ap-northeast-2.amazonaws.com/test/member_2/0151274f-e2f2-4a4e-a8ae-9842b009321a_2023-11-10.jpg',1,1,1,0,3,3,2,2),(92,'2023-11-10 16:11:41.980102','2023-11-10 16:11:46.765092',1,'https://hanol-bucket.s3.ap-northeast-2.amazonaws.com/test/member_2/2b072d55-4ee6-473b-a381-8ec46ccd12f6_2023-11-10.jpg',3,0,1,0,3,3,2,2),(93,'2023-11-10 16:11:54.265073','2023-11-10 16:11:54.265073',1,'https://hanol-bucket.s3.ap-northeast-2.amazonaws.com/test/member_2/2b072d55-4ee6-473b-a381-8ec46ccd12f6_2023-11-10.jpg',3,0,1,0,3,3,2,2),(94,'2023-11-10 16:16:23.365873','2023-11-10 16:16:23.365873',1,'https://hanol-bucket.s3.ap-northeast-2.amazonaws.com/test/member_3/5b841cb6-fec6-4625-8f94-bfd583a4d522_2023-11-10.jpg',2,-1,-1,-1,-1,-1,-1,3),(95,'2023-11-10 16:17:47.194348','2023-11-10 16:17:53.340041',1,'https://hanol-bucket.s3.ap-northeast-2.amazonaws.com/test/member_3/efc4e72b-92d5-4287-854e-4bc15d9fed77_2023-11-10.jpg',4,0,0,0,0,0,0,3),(96,'2023-11-10 16:21:56.171160','2023-11-10 16:21:56.171160',1,'https://hanol-bucket.s3.ap-northeast-2.amazonaws.com/test/member_3/a3bbe74e-bb3f-4a90-88ab-58e7843284eb_2023-11-10.jpg',1,-1,-1,-1,-1,-1,-1,3),(97,'2023-11-10 16:22:52.499017','2023-11-10 16:22:52.499017',1,'https://hanol-bucket.s3.ap-northeast-2.amazonaws.com/test/member_3/6c7bf1e5-54f1-4aff-bf07-e074db7daa52_2023-11-10.jpg',1,-1,-1,-1,-1,-1,-1,3),(98,'2023-11-10 16:23:46.400276','2023-11-10 16:23:46.400276',1,'https://hanol-bucket.s3.ap-northeast-2.amazonaws.com/test/member_3/62205cb8-d19e-4447-8b47-2906fe3b054b_2023-11-10.jpg',2,-1,-1,-1,-1,-1,-1,3),(99,'2023-11-10 16:24:58.071514','2023-11-10 16:25:04.120828',1,'https://hanol-bucket.s3.ap-northeast-2.amazonaws.com/test/member_3/232d9b51-4aaa-4c04-bc7f-c4dbc41abca1_2023-11-10.jpg',4,0,0,0,0,0,0,3),(100,'2023-11-10 16:26:32.809591','2023-11-10 16:26:32.809591',1,'https://hanol-bucket.s3.ap-northeast-2.amazonaws.com/test/member_3/375770ed-376c-4256-8066-1bc368454095_2023-11-10.jpg',4,-1,-1,-1,-1,-1,-1,3),(101,'2023-11-10 16:28:33.254373','2023-11-10 16:28:33.254373',1,'https://hanol-bucket.s3.ap-northeast-2.amazonaws.com/test/member_3/17069bd8-c94e-485d-88af-366052b9417c_2023-11-10.jpg',4,-1,-1,-1,-1,-1,-1,3),(102,'2023-11-10 16:38:04.138386','2023-11-10 16:38:11.738528',1,'https://hanol-bucket.s3.ap-northeast-2.amazonaws.com/test/member_3/f5f3d7b2-413d-422f-ad43-3fd28419b0e3_2023-11-10.jpg',3,0,0,0,0,0,0,3),(103,'2023-11-11 18:50:59.065862','2023-11-11 18:50:59.065862',1,'https://hanol-bucket.s3.ap-northeast-2.amazonaws.com/test/member_6/9f3b051c-909f-4cde-ac60-9f970d41b48d_2023-11-11.jpg',2,-1,-1,-1,-1,-1,-1,6),(104,'2023-11-11 18:56:55.100735','2023-11-11 18:56:55.100735',1,'https://hanol-bucket.s3.ap-northeast-2.amazonaws.com/test/member_6/78cb23f8-b418-4196-b8d0-f4dff52bd3fa_2023-11-11.jpg',2,-1,-1,-1,-1,-1,-1,6),(105,'2023-11-11 19:01:10.175200','2023-11-11 19:01:10.175200',1,'https://hanol-bucket.s3.ap-northeast-2.amazonaws.com/test/member_6/c9e2ea62-57ed-4ff8-b553-68cd9ef27a35_2023-11-11.jpg',2,-1,-1,-1,-1,-1,-1,6),(106,'2023-11-11 19:01:22.821103','2023-11-11 19:01:27.441388',1,'https://hanol-bucket.s3.ap-northeast-2.amazonaws.com/test/member_6/fd7e2272-055b-4abc-b5b9-2397e61ab6c9_2023-11-11.jpg',2,0,0,0,3,0,0,6),(107,'2023-11-12 15:11:13.716423','2023-11-12 15:11:13.716423',1,'https://hanol-bucket.s3.ap-northeast-2.amazonaws.com/test/member_3/c876bed6-e50c-42ab-9960-88bb68a6e7db_2023-11-12.jpg',5,-1,-1,-1,-1,-1,-1,3),(108,'2023-11-12 15:44:53.677799','2023-11-12 15:44:53.677799',1,'https://hanol-bucket.s3.ap-northeast-2.amazonaws.com/test/member_3/9223568e-3d4e-40cb-abdb-82fee29bd423_2023-11-12.jpg',3,-1,-1,-1,-1,-1,-1,3),(109,'2023-11-12 17:29:22.098277','2023-11-12 17:29:34.214084',0,'https://hanol-bucket.s3.ap-northeast-2.amazonaws.com/test/member_3/691408b9-da30-4b3c-b891-62bd291c0e08_2023-11-12.jpg',5,0,0,0,0,0,0,3),(110,'2023-11-12 17:37:29.930003','2023-11-12 17:37:33.411099',0,'https://hanol-bucket.s3.ap-northeast-2.amazonaws.com/test/member_3/6d7ed732-9e82-4e03-a840-b25afa39d300_2023-11-12.jpg',5,0,0,0,0,0,3,3),(111,'2023-11-12 17:37:52.120453','2023-11-12 17:37:52.120453',0,'https://hanol-bucket.s3.ap-northeast-2.amazonaws.com/test/member_3/6d7ed732-9e82-4e03-a840-b25afa39d300_2023-11-12.jpg',5,0,0,0,0,0,3,7),(112,'2023-11-12 17:55:00.765062','2023-11-12 17:55:00.765062',1,'https://hanol-bucket.s3.ap-northeast-2.amazonaws.com/test/member_3/6db8f656-d47e-4d47-bc66-8e43a35f99e0_2023-11-12.jpg',5,-1,-1,-1,-1,-1,-1,3),(113,'2023-11-12 20:01:08.000000',NULL,2,NULL,1,2,1,0,2,3,0,4),(114,'2023-11-12 22:19:29.857416','2023-11-12 22:19:39.706832',1,'https://hanol-bucket.s3.ap-northeast-2.amazonaws.com/test/member_3/defddca0-6af4-42db-91ce-ac65da35611f_2023-11-12.jpg',4,1,2,0,3,0,1,3),(115,'2023-11-12 22:21:00.191721','2023-11-12 22:21:00.191721',1,'https://hanol-bucket.s3.ap-northeast-2.amazonaws.com/test/member_3/29e4ef06-3815-4bf8-acdf-d623e55350cc_2023-11-12.jpg',4,-1,-1,-1,-1,-1,-1,3),(116,'2023-11-12 23:31:25.667920','2023-11-12 23:31:25.667920',1,'https://hanol-bucket.s3.ap-northeast-2.amazonaws.com/test/member_7/c80a6030-977e-46ac-b496-3dead7eebd7d_2023-11-12.jpg',2,-1,-1,-1,-1,-1,-1,7),(117,'2023-11-12 23:32:06.282865','2023-11-12 23:32:21.118296',1,'https://hanol-bucket.s3.ap-northeast-2.amazonaws.com/test/member_7/bafdffee-e732-42fd-8b5c-d818b93cc2cc_2023-11-12.jpg',2,0,1,1,2,0,3,7),(118,'2023-11-13 09:10:06.379525','2023-11-13 09:10:06.379525',1,'https://hanol-bucket.s3.ap-northeast-2.amazonaws.com/test/member_2/dd3ffc63-7452-487c-aac9-6a99c11765bb_2023-11-13.jpg',0,-1,-1,-1,-1,-1,-1,2),(119,'2023-11-13 09:11:12.318174','2023-11-13 09:11:12.318174',1,'https://hanol-bucket.s3.ap-northeast-2.amazonaws.com/test/member_2/10991860-59f1-4b14-ae21-ac3344db9c76_2023-11-13.jpg',2,-1,-1,-1,-1,-1,-1,2),(120,'2023-11-13 09:12:08.865829','2023-11-13 09:12:20.235715',1,'https://hanol-bucket.s3.ap-northeast-2.amazonaws.com/test/member_6/3fa5cc71-f685-4689-b669-02393d30c2a6_2023-11-13.jpg',2,0,0,0,0,0,3,6),(121,'2023-11-13 09:12:41.089701','2023-11-13 09:12:41.089701',1,'https://hanol-bucket.s3.ap-northeast-2.amazonaws.com/test/member_2/95a3dd13-b888-47ab-bca0-31818dbf4603_2023-11-13.jpg',2,-1,-1,-1,-1,-1,-1,2),(122,'2023-11-13 09:14:05.319976','2023-11-13 09:14:05.319976',1,'https://hanol-bucket.s3.ap-northeast-2.amazonaws.com/test/member_2/0619821f-e90a-42af-9fc9-0520a305e837_2023-11-13.jpg',2,-1,-1,-1,-1,-1,-1,2),(123,'2023-11-13 09:14:46.591795','2023-11-13 09:14:46.591795',1,'https://hanol-bucket.s3.ap-northeast-2.amazonaws.com/test/member_2/753f2ce6-5498-4561-91d9-36865dd1560c_2023-11-13.jpg',3,-1,-1,-1,-1,-1,-1,2),(124,'2023-11-13 09:16:03.293790','2023-11-13 09:16:27.392039',1,'https://hanol-bucket.s3.ap-northeast-2.amazonaws.com/test/member_2/f7f6dc95-5532-42c9-adf3-f4711a4b28a2_2023-11-13.jpg',2,0,3,0,0,0,0,2),(125,'2023-11-13 09:17:50.507895','2023-11-13 09:17:50.507895',1,'https://hanol-bucket.s3.ap-northeast-2.amazonaws.com/test/member_2/f7f6dc95-5532-42c9-adf3-f4711a4b28a2_2023-11-13.jpg',2,0,3,0,0,0,0,7),(126,'2023-11-13 09:17:54.750339','2023-11-13 09:17:54.750339',1,'https://hanol-bucket.s3.ap-northeast-2.amazonaws.com/test/member_2/f7f6dc95-5532-42c9-adf3-f4711a4b28a2_2023-11-13.jpg',2,0,3,0,0,0,0,7),(127,'2023-11-13 09:18:04.671841','2023-11-13 09:18:04.671841',1,'https://hanol-bucket.s3.ap-northeast-2.amazonaws.com/test/member_2/f7f6dc95-5532-42c9-adf3-f4711a4b28a2_2023-11-13.jpg',2,0,3,0,0,0,0,7),(128,'2023-11-13 09:40:54.152675','2023-11-13 09:41:06.570172',1,'https://hanol-bucket.s3.ap-northeast-2.amazonaws.com/test/member_2/1674d2aa-3e4b-4a8f-9b4b-a65dfd952960_2023-11-13.jpg',2,0,3,1,0,0,3,2),(129,'2023-11-13 09:41:04.783841','2023-11-13 09:41:04.783841',1,'https://hanol-bucket.s3.ap-northeast-2.amazonaws.com/test/member_2/6d584327-83f2-4563-94a5-58fbd8cdd369_2023-11-13.jpg',2,-1,-1,-1,-1,-1,-1,2),(130,'2023-11-13 09:50:38.933176','2023-11-13 09:50:44.970105',1,'https://hanol-bucket.s3.ap-northeast-2.amazonaws.com/test/member_2/d89c6686-3c46-4cce-9926-5b902047d7db_2023-11-13.jpg',5,0,3,0,0,0,0,2),(131,'2023-11-13 09:58:09.955162','2023-11-13 09:58:22.356600',1,'https://hanol-bucket.s3.ap-northeast-2.amazonaws.com/test/member_2/ec8eadac-97ff-4f41-a55f-e9b8a59d0316_2023-11-13.jpg',2,0,3,1,0,0,3,2),(132,'2023-11-13 10:10:21.810554','2023-11-13 10:10:27.073415',1,'https://hanol-bucket.s3.ap-northeast-2.amazonaws.com/test/member_2/2c754fbe-fd23-4404-8be2-55084b0c4afa_2023-11-13.jpg',5,0,3,1,0,0,3,2),(133,'2023-11-13 10:10:26.653047','2023-11-13 10:10:26.653047',1,'https://hanol-bucket.s3.ap-northeast-2.amazonaws.com/test/member_2/25841f4d-efcd-446f-b123-4dd6d4b35986_2023-11-13.jpg',5,-1,-1,-1,-1,-1,-1,2),(134,'2023-11-13 11:16:37.618523','2023-11-13 11:16:44.505523',1,'https://hanol-bucket.s3.ap-northeast-2.amazonaws.com/test/member_7/3a34a699-2626-4d4c-a06e-f7eafb4a9987_2023-11-13.jpg',3,1,3,0,3,0,0,7),(135,'2023-11-13 12:18:36.543398','2023-11-13 12:18:43.137832',1,'https://hanol-bucket.s3.ap-northeast-2.amazonaws.com/test/member_10/cd72e38c-4d39-4023-b59b-1d236af6b735_2023-11-13.jpg',2,0,3,1,3,0,3,10),(136,'2023-11-13 14:21:09.052729','2023-11-13 14:21:12.722763',0,'https://hanol-bucket.s3.ap-northeast-2.amazonaws.com/test/member_3/ff25247a-3d36-4f27-9bbf-39a348f3cea4_2023-11-13.jpg',2,0,0,0,0,0,0,3),(137,'2023-11-13 14:25:17.256923','2023-11-13 14:25:27.472006',0,'https://hanol-bucket.s3.ap-northeast-2.amazonaws.com/test/member_3/7eff969e-87fb-4f97-a7aa-9c3fac58cdc1_2023-11-13.jpg',2,0,0,0,0,0,3,3),(138,'2023-11-13 14:46:43.121158','2023-11-13 14:46:43.121158',1,'https://hanol-bucket.s3.ap-northeast-2.amazonaws.com/test/member_6/0d9ebe95-24e5-4ba6-a33c-5aa5023d631f_2023-11-13.jpg',2,-1,-1,-1,-1,-1,-1,6),(139,'2023-11-13 14:47:12.086404','2023-11-13 14:47:17.204542',1,'https://hanol-bucket.s3.ap-northeast-2.amazonaws.com/test/member_6/0d18b0ca-de76-486c-b127-0137661d24ba_2023-11-13.jpg',2,2,0,1,1,1,1,6),(140,'2023-11-13 14:47:42.433941','2023-11-13 14:47:42.433941',1,'https://hanol-bucket.s3.ap-northeast-2.amazonaws.com/test/member_6/7b501c39-ef0d-410b-bb5a-1dc2e5063ea0_2023-11-13.jpg',5,-1,-1,-1,-1,-1,-1,6),(141,'2023-11-13 14:47:56.689053','2023-11-13 14:48:07.980963',1,'https://hanol-bucket.s3.ap-northeast-2.amazonaws.com/test/member_6/899aab43-9df2-4d20-ae82-f88a2d408d3d_2023-11-13.jpg',5,2,0,1,1,1,1,6),(142,'2023-11-13 14:49:54.272285','2023-11-13 14:50:03.632335',1,'https://hanol-bucket.s3.ap-northeast-2.amazonaws.com/test/member_11/2bdb3b93-392e-4bb9-8190-66baf637da20_2023-11-13.jpg',2,0,3,1,0,0,3,11),(143,'2023-11-13 14:51:35.621941','2023-11-13 14:51:35.621941',1,'https://hanol-bucket.s3.ap-northeast-2.amazonaws.com/test/member_11/9a2d0e78-b82d-4777-8437-ac976bbcfadf_2023-11-13.jpg',1,-1,-1,-1,-1,-1,-1,11),(144,'2023-11-13 14:52:20.674345','2023-11-13 14:52:26.638837',1,'https://hanol-bucket.s3.ap-northeast-2.amazonaws.com/test/member_11/ee88bfcf-9b8d-44b1-8132-45614aa0669e_2023-11-13.jpg',2,0,3,0,0,0,0,11),(145,'2023-11-13 16:16:51.819204','2023-11-13 16:16:59.287622',1,'https://hanol-bucket.s3.ap-northeast-2.amazonaws.com/test/member_8/5bd39c79-76ca-4e01-8eb9-a5eb0cda84ea_2023-11-13.jpg',2,0,1,0,0,0,0,8),(146,'2023-11-13 16:37:41.450363','2023-11-13 16:37:41.450363',1,'https://hanol-bucket.s3.ap-northeast-2.amazonaws.com/test/member_4/f82e2a6b-a331-47b2-a343-431ca1e88db5_2023-11-13.jpg',2,-1,-1,-1,-1,-1,-1,4),(147,'2023-11-13 16:43:31.310126','2023-11-13 16:43:38.525986',1,'https://hanol-bucket.s3.ap-northeast-2.amazonaws.com/test/member_13/81743184-b67a-4910-bab3-5cde10160ad3_2023-11-13.jpg',2,0,0,0,3,0,3,13),(148,'2023-11-13 16:45:16.434230','2023-11-13 16:45:30.023391',1,'https://hanol-bucket.s3.ap-northeast-2.amazonaws.com/test/member_13/7bbd8d50-6eff-46a8-990d-0af7924d53e8_2023-11-13.jpg',2,1,2,0,3,0,3,13),(149,'2023-11-13 16:46:40.073368','2023-11-13 16:46:46.372948',1,'https://hanol-bucket.s3.ap-northeast-2.amazonaws.com/test/member_13/bb6a4912-1fa3-4dda-b079-ad1c5b75f8b0_2023-11-13.jpg',2,1,1,0,3,0,0,13),(150,'2023-11-13 16:47:25.927567','2023-11-13 16:47:25.927567',1,'https://hanol-bucket.s3.ap-northeast-2.amazonaws.com/test/member_13/9a2fa528-e9da-432e-a1ca-e38562895e8f_2023-11-13.jpg',2,-1,-1,-1,-1,-1,-1,13),(151,'2023-11-13 16:48:23.478812','2023-11-13 16:48:35.257907',1,'https://hanol-bucket.s3.ap-northeast-2.amazonaws.com/test/member_13/f10385a4-0308-4503-8c9d-09b0aa1c7f7e_2023-11-13.jpg',2,0,2,0,3,0,0,13),(152,'2023-11-13 16:49:54.028800','2023-11-13 16:50:09.641685',1,'https://hanol-bucket.s3.ap-northeast-2.amazonaws.com/test/member_13/8b0a689a-8f3c-4053-9b6a-e3d44afe6c96_2023-11-13.jpg',2,0,2,0,3,0,0,13),(153,'2023-11-13 16:59:36.953207','2023-11-13 16:59:46.756812',1,'https://hanol-bucket.s3.ap-northeast-2.amazonaws.com/test/member_16/58bae7c3-ddd9-464e-b61d-78a520db753b_2023-11-13.jpg',2,0,1,0,3,0,0,16),(154,'2023-11-13 17:14:28.043108','2023-11-13 17:14:38.623644',1,'https://hanol-bucket.s3.ap-northeast-2.amazonaws.com/test/member_18/dc7b9ed2-20ec-4811-93be-1374cd8d0076_2023-11-13.jpg',2,0,2,0,3,0,0,18),(155,'2023-11-13 17:16:25.756364','2023-11-13 17:16:32.949942',1,'https://hanol-bucket.s3.ap-northeast-2.amazonaws.com/test/member_19/684682d6-8c00-4f38-9465-07514b9ac601_2023-11-13.jpg',2,1,2,1,3,0,2,19),(156,'2023-11-13 17:19:18.411084','2023-11-13 17:19:31.958597',1,'https://hanol-bucket.s3.ap-northeast-2.amazonaws.com/test/member_19/595c32b3-fc75-4d5a-9a70-95f9b59b3000_2023-11-13.jpg',1,0,1,0,3,0,3,19),(157,'2023-11-13 17:21:00.306207','2023-11-13 17:21:06.150476',1,'https://hanol-bucket.s3.ap-northeast-2.amazonaws.com/test/member_19/ca5274b5-cf2b-4f92-ab94-107e796e63b3_2023-11-13.jpg',3,0,1,0,3,0,0,19),(158,'2023-11-13 17:21:54.611226','2023-11-13 17:22:11.460918',1,'https://hanol-bucket.s3.ap-northeast-2.amazonaws.com/test/member_19/f513605c-7678-4d5c-a134-e6bd02694d7b_2023-11-13.jpg',2,0,0,0,3,0,0,19),(159,'2023-11-13 17:23:02.034195','2023-11-13 17:23:13.398115',1,'https://hanol-bucket.s3.ap-northeast-2.amazonaws.com/test/member_19/537e3b2b-b231-4635-9b97-2071bd623100_2023-11-13.jpg',2,0,1,0,3,0,0,19),(160,'2023-11-13 17:24:09.390862','2023-11-13 17:24:20.601158',1,'https://hanol-bucket.s3.ap-northeast-2.amazonaws.com/test/member_19/85ccb39f-da33-4928-a2c7-f444b5691235_2023-11-13.jpg',1,0,1,0,3,0,2,19),(161,'2023-11-13 17:26:40.671872','2023-11-13 17:26:40.671872',1,'https://hanol-bucket.s3.ap-northeast-2.amazonaws.com/test/member_19/82bcc27d-7618-4d8f-a840-4164d789e38c_2023-11-13.jpg',0,-1,-1,-1,-1,-1,-1,19),(162,'2023-11-13 17:27:07.040641','2023-11-13 17:27:19.991352',1,'https://hanol-bucket.s3.ap-northeast-2.amazonaws.com/test/member_19/92f1db63-fb85-47e0-8a2b-503a5aec3623_2023-11-13.jpg',0,0,0,0,3,0,0,19),(163,'2023-11-13 17:32:03.055929','2023-11-13 17:32:09.161353',1,'https://hanol-bucket.s3.ap-northeast-2.amazonaws.com/test/member_4/d36391e0-bc22-4d31-9e94-ccdf29be948c_2023-11-13.jpg',2,0,2,0,3,0,0,4),(164,'2023-11-13 17:32:54.703418','2023-11-13 17:33:01.596389',1,'https://hanol-bucket.s3.ap-northeast-2.amazonaws.com/test/member_7/f4cb44a3-5c4e-4c38-b11c-528f2243b29e_2023-11-13.jpg',2,0,0,0,0,0,3,7),(165,'2023-11-13 17:34:14.035503','2023-11-13 17:34:20.595840',1,'https://hanol-bucket.s3.ap-northeast-2.amazonaws.com/test/member_7/3636795f-772d-4118-b2c8-85f6f31cfb17_2023-11-13.jpg',2,1,3,1,3,0,3,7),(166,'2023-11-13 17:46:29.458010','2023-11-13 17:46:29.458010',1,'https://hanol-bucket.s3.ap-northeast-2.amazonaws.com/test/member_13/3f241dc7-20d1-4b11-8501-ecf145aa907d_2023-11-13.jpg',2,-1,-1,-1,-1,-1,-1,13),(167,'2023-11-13 17:46:38.981597','2023-11-13 17:46:38.981597',1,'https://hanol-bucket.s3.ap-northeast-2.amazonaws.com/test/member_13/e40b4284-d372-4fd2-803d-e8b4ae295114_2023-11-13.jpg',2,-1,-1,-1,-1,-1,-1,13),(168,'2023-11-13 17:47:54.346023','2023-11-13 17:47:54.346023',1,'https://hanol-bucket.s3.ap-northeast-2.amazonaws.com/test/member_13/0ecdb554-9d3f-43f4-81b7-98dcb5835468_2023-11-13.jpg',2,-1,-1,-1,-1,-1,-1,13),(169,'2023-11-13 17:49:13.368305','2023-11-13 17:49:13.368305',1,'https://hanol-bucket.s3.ap-northeast-2.amazonaws.com/test/member_13/f62cf739-2b64-478b-8ed7-fc53812b5460_2023-11-13.jpg',2,-1,-1,-1,-1,-1,-1,13),(170,'2023-11-13 18:15:42.333775','2023-11-13 18:15:42.333775',1,'https://hanol-bucket.s3.ap-northeast-2.amazonaws.com/test/member_24/94371837-fc75-43be-896d-72e4efcb8030_2023-11-13.jpg',2,-1,-1,-1,-1,-1,-1,24),(171,'2023-11-13 18:17:47.426055','2023-11-13 18:17:47.426055',1,'https://hanol-bucket.s3.ap-northeast-2.amazonaws.com/test/member_24/0bbe8bc6-240a-45e3-ab66-4b6846ad60e8_2023-11-13.jpg',2,-1,-1,-1,-1,-1,-1,24),(172,'2023-11-13 18:19:00.248550','2023-11-13 18:19:00.248550',1,'https://hanol-bucket.s3.ap-northeast-2.amazonaws.com/test/member_24/1cf2d40c-0f5e-4786-9456-4fc88a2d1cfc_2023-11-13.jpg',2,-1,-1,-1,-1,-1,-1,24),(173,'2023-11-13 18:20:53.301152','2023-11-13 18:20:53.301152',1,'https://hanol-bucket.s3.ap-northeast-2.amazonaws.com/test/member_13/50ac96c5-efca-4c29-9fd6-3a496e6e126a_2023-11-13.jpg',2,-1,-1,-1,-1,-1,-1,13),(174,'2023-11-13 18:46:35.777634','2023-11-13 18:46:35.777634',1,'https://hanol-bucket.s3.ap-northeast-2.amazonaws.com/test/member_25/f56f2929-9dce-44e1-a1b9-8f51d15a843a_2023-11-13.jpg',1,-1,-1,-1,-1,-1,-1,25),(175,'2023-11-13 20:03:39.478494','2023-11-13 20:03:39.478494',1,'https://hanol-bucket.s3.ap-northeast-2.amazonaws.com/test/member_15/ce96d54e-ce5a-4e54-950d-91b8a5c870d3_2023-11-13.jpg',4,-1,-1,-1,-1,-1,-1,15),(176,'2023-11-13 20:05:27.522629','2023-11-13 20:05:27.522629',1,'https://hanol-bucket.s3.ap-northeast-2.amazonaws.com/test/member_15/0cc5f0a5-c4dc-4851-b886-ce48c7efaadb_2023-11-13.jpg',2,-1,-1,-1,-1,-1,-1,15),(177,'2023-11-13 20:23:13.197935','2023-11-13 20:55:43.412408',1,'https://hanol-bucket.s3.ap-northeast-2.amazonaws.com/test/member_4/88e320d7-c90f-4229-9853-40c862a881c0_2023-11-13.jpg',2,0,1,0,3,0,3,4),(178,'2023-11-13 20:54:49.940047','2023-11-13 20:54:49.940047',1,'https://hanol-bucket.s3.ap-northeast-2.amazonaws.com/test/member_4/6e72bcfc-435d-43ad-ae20-2085cb9cef3c_2023-11-13.jpg',2,-1,-1,-1,-1,-1,-1,4),(179,'2023-11-13 20:57:08.891671','2023-11-13 20:57:17.493721',1,'https://hanol-bucket.s3.ap-northeast-2.amazonaws.com/test/member_4/5fcde1c1-957f-4722-840d-2b78d6e3bed8_2023-11-13.jpg',4,1,2,0,3,0,0,4),(180,'2023-11-13 21:07:24.203791','2023-11-13 21:07:24.203791',1,'https://hanol-bucket.s3.ap-northeast-2.amazonaws.com/test/member_17/2b075493-ac78-4077-8070-06b09d801ff6_2023-11-13.jpg',2,-1,-1,-1,-1,-1,-1,17),(181,'2023-11-13 21:07:40.507643','2023-11-13 21:07:46.474329',1,'https://hanol-bucket.s3.ap-northeast-2.amazonaws.com/test/member_17/c568542e-79db-42b0-b662-87f07ad48caf_2023-11-13.jpg',2,1,2,0,1,0,3,17),(182,'2023-11-13 21:43:31.880580','2023-11-13 21:43:39.577238',1,'https://hanol-bucket.s3.ap-northeast-2.amazonaws.com/test/member_26/f130e36c-5d5d-4c39-8ad6-f11f0fa0846d_2023-11-13.jpg',2,1,3,1,2,0,0,26),(183,'2023-11-13 21:44:31.330786','2023-11-13 21:44:44.860726',1,'https://hanol-bucket.s3.ap-northeast-2.amazonaws.com/test/member_26/f8519fce-4fa6-4813-85e8-235679f6bf87_2023-11-13.jpg',2,1,3,1,3,0,3,26),(185,'2023-11-13 22:20:43.102118','2023-11-13 22:20:49.453373',1,'https://hanol-bucket.s3.ap-northeast-2.amazonaws.com/test/member_27/438261f5-224a-49da-b557-7d10f17f2af2_2023-11-13.jpg',2,0,0,0,1,0,0,27),(186,'2023-11-14 10:41:12.868357','2023-11-14 10:41:26.109479',1,'https://hanol-bucket.s3.ap-northeast-2.amazonaws.com/test/member_6/0fe7a932-effa-4d6f-a2d1-81722bba7a80_2023-11-14.jpg',2,1,0,1,0,0,0,6),(187,'2023-11-14 10:51:01.754232','2023-11-14 10:51:01.754232',0,'https://hanol-bucket.s3.ap-northeast-2.amazonaws.com/test/member_3/1e2b9fb5-48a4-43ad-94ab-dc110146a88a_2023-11-14.jpg',4,-1,-1,-1,-1,-1,-1,3),(188,'2023-11-14 10:51:29.629238','2023-11-14 10:51:35.792412',0,'https://hanol-bucket.s3.ap-northeast-2.amazonaws.com/test/member_3/cd876741-5d74-4817-a0c8-8825ed61a333_2023-11-14.jpg',4,0,0,0,0,0,0,3),(189,'2023-11-14 11:08:49.366927','2023-11-14 11:08:49.366927',0,'https://hanol-bucket.s3.ap-northeast-2.amazonaws.com/test/member_3/a67e89b5-cfbd-4681-9251-0d252c141b45_2023-11-14.jpg',2,-1,-1,-1,-1,-1,-1,3),(190,'2023-11-14 11:09:08.633763','2023-11-14 11:09:14.965985',0,'https://hanol-bucket.s3.ap-northeast-2.amazonaws.com/test/member_3/eedfe055-5b2d-4449-9754-a1c3359f37d7_2023-11-14.jpg',4,0,0,0,0,0,0,3),(191,'2023-11-14 11:38:15.930346','2023-11-14 11:38:15.930346',1,'https://hanol-bucket.s3.ap-northeast-2.amazonaws.com/test/member_32/0caa9766-e90d-42b1-a84d-7797bd7f31c8_2023-11-14.jpg',0,-1,-1,-1,-1,-1,-1,32),(192,'2023-11-14 11:39:06.159359','2023-11-14 11:39:11.157288',1,'https://hanol-bucket.s3.ap-northeast-2.amazonaws.com/test/member_32/2d2fba6e-c715-4b31-80e6-593e8a161be5_2023-11-14.jpg',0,0,0,0,0,0,0,32),(193,'2023-11-14 11:40:19.007851','2023-11-14 11:40:26.793917',1,'https://hanol-bucket.s3.ap-northeast-2.amazonaws.com/test/member_32/1329c8f8-5646-4169-b054-c5ae8c8a6a3d_2023-11-14.jpg',2,1,1,1,1,1,3,32),(194,'2023-11-14 11:42:50.521773','2023-11-14 11:42:57.024157',1,'https://hanol-bucket.s3.ap-northeast-2.amazonaws.com/test/member_33/63936da1-2910-42cd-8b61-125a39a2c8eb_2023-11-14.jpg',2,0,3,0,0,0,0,33),(195,'2023-11-14 13:21:54.904707','2023-11-14 13:22:01.252925',1,'https://hanol-bucket.s3.ap-northeast-2.amazonaws.com/test/member_11/d3af8afa-ea59-4558-8971-9fadac4a0b90_2023-11-14.jpg',2,0,3,1,0,0,3,11),(196,'2023-11-14 13:22:25.386193','2023-11-14 13:22:25.386193',1,'https://hanol-bucket.s3.ap-northeast-2.amazonaws.com/test/member_11/d3af8afa-ea59-4558-8971-9fadac4a0b90_2023-11-14.jpg',2,0,3,1,0,0,3,7),(197,'2023-11-14 13:44:15.531354','2023-11-14 13:44:21.692515',1,'https://hanol-bucket.s3.ap-northeast-2.amazonaws.com/test/member_3/01b7b787-5062-43f4-aaa2-0ce014390391_2023-11-14.jpg',5,0,2,0,3,3,0,3),(198,'2023-11-14 13:57:42.101781','2023-11-14 13:57:48.721140',1,'https://hanol-bucket.s3.ap-northeast-2.amazonaws.com/test/member_4/ddecb16b-72eb-4650-b43d-52c96b81ce44_2023-11-14.jpg',3,0,3,1,0,0,3,4),(199,'2023-11-14 13:58:15.927654','2023-11-14 13:58:15.927654',1,'https://hanol-bucket.s3.ap-northeast-2.amazonaws.com/test/member_4/ddecb16b-72eb-4650-b43d-52c96b81ce44_2023-11-14.jpg',3,0,3,1,0,0,3,6),(200,'2023-11-14 14:01:19.019648','2023-11-14 14:01:22.396087',0,'https://hanol-bucket.s3.ap-northeast-2.amazonaws.com/test/member_3/eb027c7f-7478-468c-9434-fe35d01d14f6_2023-11-14.jpg',4,0,0,0,0,0,0,3),(201,'2023-11-14 14:23:59.783125','2023-11-14 14:23:59.783125',0,'https://hanol-bucket.s3.ap-northeast-2.amazonaws.com/test/member_3/08421d3f-506e-4e96-a403-85c18eab2ef7_2023-11-14.jpg',2,-1,-1,-1,-1,-1,-1,3),(202,'2023-11-14 14:25:32.839083','2023-11-14 14:25:32.839083',0,'https://hanol-bucket.s3.ap-northeast-2.amazonaws.com/test/member_3/36211d92-3b99-44cc-b0fc-35f91d1f4f14_2023-11-14.jpg',2,-1,-1,-1,-1,-1,-1,3),(203,'2023-11-14 14:27:37.011710','2023-11-14 14:27:37.011710',1,'https://hanol-bucket.s3.ap-northeast-2.amazonaws.com/test/member_11/36cf1689-c7f8-4cf9-a258-b5af08af7f78_2023-11-14.jpg',2,-1,-1,-1,-1,-1,-1,11),(204,'2023-11-14 14:27:49.905632','2023-11-14 14:27:58.549665',1,'https://hanol-bucket.s3.ap-northeast-2.amazonaws.com/test/member_11/a02f7dec-ac04-46e9-885a-59dd62f70c30_2023-11-14.jpg',2,1,2,1,3,0,0,11),(205,'2023-11-14 14:31:25.329226','2023-11-14 14:31:25.329226',0,'https://hanol-bucket.s3.ap-northeast-2.amazonaws.com/test/member_3/07f4ce5d-437c-47a1-b920-e032b3da0794_2023-11-14.jpg',2,-1,-1,-1,-1,-1,-1,3),(206,'2023-11-14 14:32:21.647493','2023-11-14 14:32:29.096905',1,'https://hanol-bucket.s3.ap-northeast-2.amazonaws.com/test/member_3/dc7aa2f5-b340-48f1-ab93-3a19747280ef_2023-11-14.jpg',2,0,3,0,0,0,3,3),(207,'2023-11-14 14:33:31.743337','2023-11-14 14:33:31.743337',1,'https://hanol-bucket.s3.ap-northeast-2.amazonaws.com/test/member_3/dc7aa2f5-b340-48f1-ab93-3a19747280ef_2023-11-14.jpg',2,0,3,0,0,0,3,36),(208,'2023-11-14 14:34:48.830745','2023-11-14 14:34:57.264231',1,'https://hanol-bucket.s3.ap-northeast-2.amazonaws.com/test/member_31/7ac45693-39bc-4bfc-bec8-d6bf0161f755_2023-11-14.jpg',2,3,3,1,3,0,1,31),(209,'2023-11-14 14:35:13.865681','2023-11-14 14:35:13.865681',1,'https://hanol-bucket.s3.ap-northeast-2.amazonaws.com/test/member_38/454d5d72-e728-4d96-8ff2-0a863c1c38b3_2023-11-14.jpg',0,-1,-1,-1,-1,-1,-1,38),(210,'2023-11-14 14:36:27.093610','2023-11-14 14:36:35.258691',1,'https://hanol-bucket.s3.ap-northeast-2.amazonaws.com/test/member_38/ef9a9fa9-5386-4eff-b887-943e9d7c1f32_2023-11-14.jpg',1,0,1,0,3,0,0,38),(211,'2023-11-14 14:37:07.460983','2023-11-14 14:37:15.901170',1,'https://hanol-bucket.s3.ap-northeast-2.amazonaws.com/test/member_35/848c9dff-24b1-40ab-9d5b-78afd1a42ea5_2023-11-14.jpg',2,0,0,0,3,0,0,35),(212,'2023-11-14 14:37:29.308937','2023-11-14 14:37:37.384457',1,'https://hanol-bucket.s3.ap-northeast-2.amazonaws.com/test/member_36/c5cf1646-527f-4e60-bea6-4de7ee5ac46f_2023-11-14.jpg',2,0,1,0,3,0,0,36),(213,'2023-11-14 14:37:46.252749','2023-11-14 14:37:57.593565',1,'https://hanol-bucket.s3.ap-northeast-2.amazonaws.com/test/member_31/29100f2c-a328-49cf-b669-9c56d4e5d93c_2023-11-14.jpg',2,3,3,1,3,1,1,31),(214,'2023-11-14 14:38:34.733666','2023-11-14 14:38:42.205438',1,'https://hanol-bucket.s3.ap-northeast-2.amazonaws.com/test/member_36/9d1e9efb-e60f-4d77-b2a6-61ee992578f3_2023-11-14.jpg',2,0,2,1,3,0,0,36),(215,'2023-11-14 14:39:52.315357','2023-11-14 14:39:58.782559',1,'https://hanol-bucket.s3.ap-northeast-2.amazonaws.com/test/member_36/5a1fcdc9-ea8b-4c26-aabd-f1d455f8677a_2023-11-14.jpg',2,0,3,0,0,0,1,36),(216,'2023-11-14 14:40:30.355269','2023-11-14 14:40:41.653009',1,'https://hanol-bucket.s3.ap-northeast-2.amazonaws.com/test/member_31/217f89a7-a19e-48bd-8cd2-8f736a1cddd5_2023-11-14.jpg',2,3,3,1,0,0,0,31),(217,'2023-11-14 14:41:52.734654','2023-11-14 14:42:03.346475',1,'https://hanol-bucket.s3.ap-northeast-2.amazonaws.com/test/member_36/4704c760-f9fc-4c4a-80ed-c0fb1d0fdc70_2023-11-14.jpg',2,0,0,0,1,0,2,36),(218,'2023-11-14 14:42:09.301059','2023-11-14 14:42:16.793668',1,'https://hanol-bucket.s3.ap-northeast-2.amazonaws.com/test/member_31/a791acca-5a5c-4b83-b361-bb46fd2f66a8_2023-11-14.jpg',2,1,3,1,0,0,0,31),(219,'2023-11-14 14:42:23.994982','2023-11-14 14:42:31.299268',1,'https://hanol-bucket.s3.ap-northeast-2.amazonaws.com/test/member_31/87683cde-7519-4d54-8910-71af2369885e_2023-11-14.jpg',2,1,3,1,0,0,0,31),(220,'2023-11-14 14:43:32.513417','2023-11-14 14:43:38.985866',1,'https://hanol-bucket.s3.ap-northeast-2.amazonaws.com/test/member_31/4202a15b-f874-474c-9c6f-89cd45e00731_2023-11-14.jpg',2,0,0,0,0,0,0,31),(221,'2023-11-14 14:45:46.263620','2023-11-14 14:45:52.806883',1,'https://hanol-bucket.s3.ap-northeast-2.amazonaws.com/test/member_36/84d7cf94-d91d-49f6-8603-153792ae8df9_2023-11-14.jpg',2,1,3,0,0,0,1,36),(222,'2023-11-14 14:48:10.093786','2023-11-14 14:48:16.472102',0,'https://hanol-bucket.s3.ap-northeast-2.amazonaws.com/test/member_3/9d1740df-2359-4fbd-ac1c-04667441a5fc_2023-11-14.jpg',5,0,0,0,1,0,0,3),(223,'2023-11-14 15:09:10.345788','2023-11-14 15:09:17.273405',0,'https://hanol-bucket.s3.ap-northeast-2.amazonaws.com/test/member_3/6eff0f66-c655-44e9-885c-2c1fb515376e_2023-11-14.jpg',2,0,0,0,0,0,0,3),(224,'2023-11-14 15:13:04.007930','2023-11-14 15:13:14.236401',1,'https://hanol-bucket.s3.ap-northeast-2.amazonaws.com/test/member_41/26fe5c2e-08c6-4f80-b160-86059b3e28e1_2023-11-14.jpg',2,0,3,0,3,0,0,41),(225,'2023-11-14 15:14:03.686605','2023-11-14 15:14:09.687861',1,'https://hanol-bucket.s3.ap-northeast-2.amazonaws.com/test/member_8/af105522-000a-45f1-be92-d7737070a453_2023-11-14.jpg',2,0,2,0,3,0,0,8),(226,'2023-11-14 15:14:15.512549','2023-11-14 15:14:15.512549',0,'https://hanol-bucket.s3.ap-northeast-2.amazonaws.com/test/member_3/6eff0f66-c655-44e9-885c-2c1fb515376e_2023-11-14.jpg',2,0,0,0,0,0,0,43),(227,'2023-11-14 15:14:16.061378','2023-11-14 15:14:16.061378',0,'https://hanol-bucket.s3.ap-northeast-2.amazonaws.com/test/member_3/6eff0f66-c655-44e9-885c-2c1fb515376e_2023-11-14.jpg',2,0,0,0,0,0,0,43),(228,'2023-11-14 15:14:29.207029','2023-11-14 15:14:41.586076',1,'https://hanol-bucket.s3.ap-northeast-2.amazonaws.com/test/member_41/6beb55d4-7373-4c7f-bb0e-8b4837e4b56f_2023-11-14.jpg',2,0,3,0,3,0,0,41),(229,'2023-11-14 15:17:06.524057','2023-11-14 15:17:13.455339',1,'https://hanol-bucket.s3.ap-northeast-2.amazonaws.com/test/member_8/bc67588b-ef1f-46aa-ae3d-ffa4176fb4da_2023-11-14.jpg',0,0,0,0,3,0,0,8),(230,'2023-11-14 15:18:14.602859','2023-11-14 15:18:14.602859',1,'https://hanol-bucket.s3.ap-northeast-2.amazonaws.com/test/member_41/1cdadd57-b44b-4b7a-9eda-b80ed6b8fec3_2023-11-14.jpg',2,-1,-1,-1,-1,-1,-1,41),(231,'2023-11-14 15:19:10.263101','2023-11-14 15:19:20.847920',1,'https://hanol-bucket.s3.ap-northeast-2.amazonaws.com/test/member_42/c4278e0a-3494-4b23-9fac-28006cf1386b_2023-11-14.jpg',0,0,2,0,3,0,0,42),(232,'2023-11-14 15:34:44.056661','2023-11-14 15:34:44.056661',1,'https://hanol-bucket.s3.ap-northeast-2.amazonaws.com/test/member_8/737735d2-cf01-41b2-aeb8-9defe561fdaa_2023-11-14.jpg',2,-1,-1,-1,-1,-1,-1,8),(233,'2023-11-14 15:35:42.777276','2023-11-14 15:35:50.488535',1,'https://hanol-bucket.s3.ap-northeast-2.amazonaws.com/test/member_8/64729e64-063d-404e-af6f-c38d2f90df56_2023-11-14.jpg',2,0,2,0,3,0,0,8),(234,'2023-11-14 16:00:35.376487','2023-11-14 16:00:35.376487',1,'https://hanol-bucket.s3.ap-northeast-2.amazonaws.com/test/member_11/b4bd8d5c-a785-4268-ad1e-e8f69d6bb8c3_2023-11-14.jpg',2,-1,-1,-1,-1,-1,-1,11),(235,'2023-11-14 16:17:28.238445','2023-11-14 16:17:35.774618',0,'https://hanol-bucket.s3.ap-northeast-2.amazonaws.com/test/member_3/401bbf52-81d8-4460-ad7b-ba05e03afe2b_2023-11-14.jpg',2,0,0,0,0,0,0,3),(236,'2023-11-14 16:21:43.087421','2023-11-14 16:21:50.961365',1,'https://hanol-bucket.s3.ap-northeast-2.amazonaws.com/test/member_45/d2178c2d-92f4-4b4d-9408-313fc3b82486_2023-11-14.jpg',2,0,2,1,3,0,0,45),(237,'2023-11-14 16:22:06.041938','2023-11-14 16:22:15.281121',1,'https://hanol-bucket.s3.ap-northeast-2.amazonaws.com/test/member_47/ec56c959-2d5d-4629-9aab-9cd464b10f59_2023-11-14.jpg',2,0,2,0,3,0,0,47),(238,'2023-11-14 16:22:11.689227','2023-11-14 16:22:28.491464',1,'https://hanol-bucket.s3.ap-northeast-2.amazonaws.com/test/member_49/f24e2d42-ff97-4eef-a8b1-6b80696cb67d_2023-11-14.jpg',2,0,2,0,3,0,0,49),(239,'2023-11-14 16:22:16.988588','2023-11-14 16:22:16.988588',1,'https://hanol-bucket.s3.ap-northeast-2.amazonaws.com/test/member_44/aed011f9-f3a6-4428-b1a7-03d1e172bdc8_2023-11-14.jpg',2,-1,-1,-1,-1,-1,-1,44),(240,'2023-11-14 16:22:49.694541','2023-11-14 16:22:55.898062',1,'https://hanol-bucket.s3.ap-northeast-2.amazonaws.com/test/member_45/0786f545-bfc4-4849-9201-4b49063f622a_2023-11-14.jpg',2,0,2,0,3,0,0,45),(241,'2023-11-14 16:23:10.172556','2023-11-14 16:23:10.172556',1,'https://hanol-bucket.s3.ap-northeast-2.amazonaws.com/test/member_50/ac4646a1-63ef-4abd-a1d3-9dad56e5bb4e_2023-11-14.jpg',2,-1,-1,-1,-1,-1,-1,50),(242,'2023-11-14 16:23:17.988434','2023-11-14 16:23:27.334179',1,'https://hanol-bucket.s3.ap-northeast-2.amazonaws.com/test/member_49/550d55a9-b759-4a15-974c-b713669156b5_2023-11-14.jpg',2,0,1,0,3,0,0,49),(243,'2023-11-14 16:28:16.737831','2023-11-14 16:28:22.515723',1,'https://hanol-bucket.s3.ap-northeast-2.amazonaws.com/test/member_46/5054c635-9c23-4f45-8837-ee8585f6ffc4_2023-11-14.jpg',0,0,3,1,0,0,0,46),(244,'2023-11-14 16:29:18.730518','2023-11-14 16:29:33.692053',1,'https://hanol-bucket.s3.ap-northeast-2.amazonaws.com/test/member_46/a8f82735-fd0b-4151-8fdb-2902072150d3_2023-11-14.jpg',2,0,2,1,3,0,3,46),(245,'2023-11-14 16:30:16.362090','2023-11-14 16:30:23.623891',1,'https://hanol-bucket.s3.ap-northeast-2.amazonaws.com/test/member_49/83626fcd-6acf-4e66-9b97-d2d4a8df4924_2023-11-14.jpg',2,0,1,0,3,2,0,49),(246,'2023-11-14 16:30:24.216694','2023-11-14 16:30:31.925539',1,'https://hanol-bucket.s3.ap-northeast-2.amazonaws.com/test/member_46/76f84c2a-456e-4049-b0f1-8804e25fd7e9_2023-11-14.jpg',2,0,2,0,3,0,3,46),(247,'2023-11-14 16:36:23.765138','2023-11-14 16:36:23.765138',1,'https://hanol-bucket.s3.ap-northeast-2.amazonaws.com/test/member_51/70f82930-ca2c-48df-b397-97ebda0a4f03_2023-11-14.jpg',4,-1,-1,-1,-1,-1,-1,51),(248,'2023-11-14 16:36:51.919541','2023-11-14 16:36:55.093115',0,'https://hanol-bucket.s3.ap-northeast-2.amazonaws.com/test/member_3/e3a6e39b-1769-48b7-bd76-1835a1e0ef04_2023-11-14.jpg',2,0,0,0,0,0,0,3),(249,'2023-11-14 16:37:25.732259','2023-11-14 16:37:25.732259',0,'https://hanol-bucket.s3.ap-northeast-2.amazonaws.com/test/member_3/e3a6e39b-1769-48b7-bd76-1835a1e0ef04_2023-11-14.jpg',2,0,0,0,0,0,0,22),(250,'2023-11-14 16:56:05.330855','2023-11-14 16:56:05.330855',1,'https://hanol-bucket.s3.ap-northeast-2.amazonaws.com/test/member_11/b0183959-2059-4ef0-b332-51739b01f88a_2023-11-14.jpg',4,-1,-1,-1,-1,-1,-1,11),(251,'2023-11-14 16:58:20.641362','2023-11-14 16:58:27.210753',1,'https://hanol-bucket.s3.ap-northeast-2.amazonaws.com/test/member_36/649759ca-99f5-498c-b76d-2f83aba33914_2023-11-14.jpg',2,0,3,0,0,0,0,36),(252,'2023-11-14 16:59:28.744846','2023-11-14 16:59:35.721713',1,'https://hanol-bucket.s3.ap-northeast-2.amazonaws.com/test/member_36/a0ae40ea-9251-4d93-a782-1c7b2035f66d_2023-11-14.jpg',2,0,0,0,0,0,2,36),(253,'2023-11-14 20:29:38.037898','2023-11-14 20:29:38.037898',1,'https://hanol-bucket.s3.ap-northeast-2.amazonaws.com/test/member_8/114053fc-5c15-4cdc-b75b-fcf73cf4161c_2023-11-14.jpg',2,-1,-1,-1,-1,-1,-1,8),(254,'2023-11-14 21:44:27.389458','2023-11-14 21:44:27.389458',1,'https://hanol-bucket.s3.ap-northeast-2.amazonaws.com/test/member_1/53f60f3c-73ab-44c9-8ef6-209ba415006e_2023-11-14.jpg',0,-1,-1,-1,-1,-1,-1,1),(255,'2023-11-15 01:34:57.313842','2023-11-15 01:34:57.313842',1,'https://hanol-bucket.s3.ap-northeast-2.amazonaws.com/test/member_52/38cf21cc-3758-4a21-8c83-e44b33bd3df7_2023-11-15.jpg',2,-1,-1,-1,-1,-1,-1,52),(256,'2023-11-15 01:36:42.609350','2023-11-15 01:36:42.609350',1,'https://hanol-bucket.s3.ap-northeast-2.amazonaws.com/test/member_52/6cdc2073-5c16-4c08-a37b-82337358e190_2023-11-15.jpg',2,-1,-1,-1,-1,-1,-1,52),(257,'2023-11-15 01:38:40.471305','2023-11-15 01:38:40.471305',1,'https://hanol-bucket.s3.ap-northeast-2.amazonaws.com/test/member_52/a44d6803-db8f-4423-830f-5d95082496c2_2023-11-15.jpg',2,-1,-1,-1,-1,-1,-1,52),(258,'2023-11-15 01:42:12.610706','2023-11-15 01:42:12.610706',1,'https://hanol-bucket.s3.ap-northeast-2.amazonaws.com/test/member_52/8db7ec97-7997-4cad-bcaa-5ab63b93fd22_2023-11-15.jpg',1,-1,-1,-1,-1,-1,-1,52),(259,'2023-11-15 09:44:21.472659','2023-11-15 09:50:07.887991',1,'https://hanol-bucket.s3.ap-northeast-2.amazonaws.com/test/member_53/89cc1a3d-aaff-48bd-a57f-aa454b1a5356_2023-11-15.jpg',0,1,2,2,2,0,3,53),(260,'2023-11-15 09:48:39.758903','2023-11-15 09:48:39.758903',1,'https://hanol-bucket.s3.ap-northeast-2.amazonaws.com/test/member_53/810358fe-dab2-4bf1-8f68-e20600b227fd_2023-11-15.jpg',1,-1,-1,-1,-1,-1,-1,53),(261,'2023-11-15 09:48:40.854607','2023-11-15 09:48:40.854607',0,'https://hanol-bucket.s3.ap-northeast-2.amazonaws.com/test/member_3/f20d9fb0-8b12-415b-b877-ceebcc4aba1b_2023-11-15.jpg',2,-1,-1,-1,-1,-1,-1,3),(262,'2023-11-15 09:50:10.637176','2023-11-15 09:50:10.637176',0,'https://hanol-bucket.s3.ap-northeast-2.amazonaws.com/test/member_3/c4e2d210-cae8-4a31-b72f-5f5cff855bcc_2023-11-15.jpg',2,-1,-1,-1,-1,-1,-1,3),(263,'2023-11-15 09:54:29.161940','2023-11-15 09:54:32.695600',0,'https://hanol-bucket.s3.ap-northeast-2.amazonaws.com/test/member_3/0aff052b-376f-4435-a9e9-f17450631ad7_2023-11-15.jpg',2,0,0,0,0,0,0,3),(264,'2023-11-15 09:56:05.158857','2023-11-15 09:56:05.158857',1,'https://hanol-bucket.s3.ap-northeast-2.amazonaws.com/test/member_53/0c8a797a-97a4-4c86-b6f0-afcac6628f16_2023-11-15.jpg',1,-1,-1,-1,-1,-1,-1,53),(265,'2023-11-15 09:56:41.887501','2023-11-15 09:56:49.316286',0,'https://hanol-bucket.s3.ap-northeast-2.amazonaws.com/test/member_3/e45c56d3-804a-4bf7-bbf9-04a757660318_2023-11-15.jpg',2,0,0,0,0,0,3,3),(266,'2023-11-15 09:57:05.749768','2023-11-15 09:57:17.373970',1,'https://hanol-bucket.s3.ap-northeast-2.amazonaws.com/test/member_53/8e29d2ad-e771-4367-b9ec-47dc53649a94_2023-11-15.jpg',1,1,3,1,3,0,0,53),(267,'2023-11-15 09:59:17.479320','2023-11-15 09:59:23.473358',1,'https://hanol-bucket.s3.ap-northeast-2.amazonaws.com/test/member_53/54d4f351-4a44-4898-a112-497dcf8017d2_2023-11-15.jpg',1,1,3,1,2,0,3,53),(268,'2023-11-15 10:03:06.989317','2023-11-15 10:03:22.104372',1,'https://hanol-bucket.s3.ap-northeast-2.amazonaws.com/test/member_53/5e05cf73-2e69-4354-b57f-f86ec7812a20_2023-11-15.jpg',0,0,3,1,0,0,0,53),(269,'2023-11-15 10:03:07.939345','2023-11-15 10:03:26.951141',1,'https://hanol-bucket.s3.ap-northeast-2.amazonaws.com/test/member_6/6b92e52f-fef7-4e55-9130-9f9517180d3f_2023-11-15.jpg',2,1,1,0,0,0,0,6),(270,'2023-11-15 10:08:26.826784','2023-11-15 10:08:36.014176',1,'https://hanol-bucket.s3.ap-northeast-2.amazonaws.com/test/member_54/089db9a8-3577-4e60-951b-1109a095c643_2023-11-15.jpg',2,0,3,0,0,0,0,54),(271,'2023-11-15 10:09:38.768468','2023-11-15 10:09:45.337352',1,'https://hanol-bucket.s3.ap-northeast-2.amazonaws.com/test/member_54/e98552fe-bc18-4152-b6fb-c3c30cf4c540_2023-11-15.jpg',2,0,0,0,0,0,0,54),(272,'2023-11-15 10:10:44.525943','2023-11-15 10:10:59.968205',1,'https://hanol-bucket.s3.ap-northeast-2.amazonaws.com/test/member_54/874bb728-bf4c-45f5-b049-03627d7dba3c_2023-11-15.jpg',1,1,2,0,3,0,0,54),(273,'2023-11-15 10:12:11.964365','2023-11-15 10:12:18.898705',1,'https://hanol-bucket.s3.ap-northeast-2.amazonaws.com/test/member_54/3017c592-c4e5-4fda-af3b-dcdcb89c6bf3_2023-11-15.jpg',1,1,2,0,2,0,3,54),(274,'2023-11-15 10:13:21.365178','2023-11-15 10:13:29.652091',1,'https://hanol-bucket.s3.ap-northeast-2.amazonaws.com/test/member_54/7e8ecea0-e581-416e-9f89-cb9fe692c488_2023-11-15.jpg',3,0,2,0,3,0,3,54),(275,'2023-11-15 10:13:53.678121','2023-11-15 10:13:53.678121',1,'https://hanol-bucket.s3.ap-northeast-2.amazonaws.com/test/member_54/98d2b182-486a-4af5-a29a-5755e2adbec4_2023-11-15.jpg',2,-1,-1,-1,-1,-1,-1,54),(276,'2023-11-15 10:14:48.322260','2023-11-15 10:14:56.288306',1,'https://hanol-bucket.s3.ap-northeast-2.amazonaws.com/test/member_54/970d83b6-1c88-443e-b318-36613c9229e7_2023-11-15.jpg',2,1,0,0,1,0,3,54),(277,'2023-11-15 10:23:53.349092','2023-11-15 10:23:59.403304',1,'https://hanol-bucket.s3.ap-northeast-2.amazonaws.com/test/member_60/24ed06f2-b4ad-4a12-87c5-3605c4d4df3f_2023-11-15.jpg',0,0,1,0,3,0,0,60),(278,'2023-11-15 10:24:41.443731','2023-11-15 10:24:48.679186',1,'https://hanol-bucket.s3.ap-northeast-2.amazonaws.com/test/member_60/a3765038-af50-4ce6-8e44-b5c01b7f0298_2023-11-15.jpg',2,1,2,1,3,0,0,60),(279,'2023-11-15 10:32:47.718096','2023-11-15 10:32:47.718096',0,'https://hanol-bucket.s3.ap-northeast-2.amazonaws.com/test/member_3/c9db4be6-50fb-4c8f-a0ef-673d8617ac01_2023-11-15.jpg',4,-1,-1,-1,-1,-1,-1,3),(280,'2023-11-15 10:40:37.993620','2023-11-15 10:40:45.175093',1,'https://hanol-bucket.s3.ap-northeast-2.amazonaws.com/test/member_58/c3656e2c-2e3c-4ff3-b559-c733e01c1eef_2023-11-15.jpg',1,1,3,1,1,0,3,58),(281,'2023-11-15 12:48:46.968897','2023-11-15 12:48:54.326748',1,'https://hanol-bucket.s3.ap-northeast-2.amazonaws.com/test/member_36/c8e12142-bdbd-4c59-a1a1-f0df90f813fd_2023-11-15.jpg',2,0,0,0,2,0,2,36),(282,'2023-11-15 12:50:06.360030','2023-11-15 12:50:11.296811',1,'https://hanol-bucket.s3.ap-northeast-2.amazonaws.com/test/member_36/9b1bc6cc-8131-4769-8805-d5fbaa72f855_2023-11-15.jpg',2,0,0,0,1,0,2,36),(283,'2023-11-15 13:20:40.107088','2023-11-15 13:20:43.247462',0,'https://hanol-bucket.s3.ap-northeast-2.amazonaws.com/test/member_3/3bf9ffc3-4b39-4001-9eb4-8c6c1e126837_2023-11-15.jpg',2,0,0,0,0,0,0,3),(284,'2023-11-15 13:21:15.593538','2023-11-15 13:21:15.593538',0,'https://hanol-bucket.s3.ap-northeast-2.amazonaws.com/test/member_3/6f220aa0-4843-4926-968c-e28ffbcb1a3d_2023-11-15.jpg',5,-1,-1,-1,-1,-1,-1,3),(285,'2023-11-15 13:22:20.333742','2023-11-15 13:22:24.727256',0,'https://hanol-bucket.s3.ap-northeast-2.amazonaws.com/test/member_3/a2cdde8f-3c06-4505-90c8-a612a09286a8_2023-11-15.jpg',5,0,0,0,0,0,0,3),(286,'2023-11-15 13:22:57.544591','2023-11-15 13:23:00.712274',0,'https://hanol-bucket.s3.ap-northeast-2.amazonaws.com/test/member_3/28bb7684-c41d-41b3-8bd4-9ec9305a8eaf_2023-11-15.jpg',2,0,0,0,0,0,0,3),(287,'2023-11-15 13:26:11.389914','2023-11-15 13:26:14.577462',0,'https://hanol-bucket.s3.ap-northeast-2.amazonaws.com/test/member_3/38f1f531-aeb8-4436-9ed3-73b7b0b7fafd_2023-11-15.jpg',2,0,0,0,0,0,0,3),(288,'2023-11-15 13:26:59.007376','2023-11-15 13:27:04.294161',0,'https://hanol-bucket.s3.ap-northeast-2.amazonaws.com/test/member_3/95a85a45-d936-4e2a-aa2a-28ad069b9211_2023-11-15.jpg',2,0,0,0,0,0,0,3),(289,'2023-11-15 13:27:39.504708','2023-11-15 13:27:39.504708',0,'https://hanol-bucket.s3.ap-northeast-2.amazonaws.com/test/member_3/95a85a45-d936-4e2a-aa2a-28ad069b9211_2023-11-15.jpg',2,0,0,0,0,0,0,19),(290,'2023-11-15 13:28:18.932483','2023-11-15 13:28:22.184731',0,'https://hanol-bucket.s3.ap-northeast-2.amazonaws.com/test/member_3/133004d1-cdfa-42e2-a38e-dcffaa1a9ca6_2023-11-15.jpg',1,0,0,0,1,1,3,3),(291,'2023-11-15 13:50:45.970562','2023-11-15 13:50:45.970562',1,'https://hanol-bucket.s3.ap-northeast-2.amazonaws.com/test/member_11/fc1d6b8f-8135-49d4-8111-d4ca0013e18b_2023-11-15.jpg',3,-1,-1,-1,-1,-1,-1,11),(292,'2023-11-15 13:50:57.940936','2023-11-15 13:51:05.364675',1,'https://hanol-bucket.s3.ap-northeast-2.amazonaws.com/test/member_3/89aa1267-4e64-45d3-ae1e-a00d267be4d1_2023-11-15.jpg',2,1,1,0,3,0,0,3),(293,'2023-11-15 13:51:08.934824','2023-11-15 13:51:08.934824',1,'https://hanol-bucket.s3.ap-northeast-2.amazonaws.com/test/member_11/c143cf9d-b9ce-4a22-9e3f-6447fc8f017c_2023-11-15.jpg',2,-1,-1,-1,-1,-1,-1,11),(294,'2023-11-15 14:37:14.130754','2023-11-15 14:37:14.130754',1,'https://hanol-bucket.s3.ap-northeast-2.amazonaws.com/test/member_11/ebfc3681-8d58-4c35-ba53-616e998ce8cc_2023-11-15.jpg',2,-1,-1,-1,-1,-1,-1,11),(295,'2023-11-15 14:38:25.036267','2023-11-15 14:38:28.445771',0,'https://hanol-bucket.s3.ap-northeast-2.amazonaws.com/test/member_3/535117ba-1dc4-4074-b164-1dc103ba40c3_2023-11-15.jpg',4,0,0,0,0,0,0,3),(296,'2023-11-15 14:46:10.002651','2023-11-15 14:46:13.242284',0,'https://hanol-bucket.s3.ap-northeast-2.amazonaws.com/test/member_3/bee28cc9-9ca5-4c7b-b147-0b7734796c98_2023-11-15.jpg',2,0,0,0,0,0,0,3),(297,'2023-11-15 15:26:07.671714','2023-11-15 15:26:07.671714',1,'https://hanol-bucket.s3.ap-northeast-2.amazonaws.com/test/member_3/7303603d-4aad-4562-bc4c-c07da7088b9c_2023-11-15.jpg',2,-1,-1,-1,-1,-1,-1,3),(298,'2023-11-15 15:26:38.031213','2023-11-15 15:26:44.643205',1,'https://hanol-bucket.s3.ap-northeast-2.amazonaws.com/test/member_3/ba44e003-86a7-4b97-a1f9-0e92d6e2f426_2023-11-15.jpg',2,0,3,0,0,0,3,3),(301,'2023-11-15 16:03:42.323844','2023-11-15 16:03:42.323844',0,'https://hanol-bucket.s3.ap-northeast-2.amazonaws.com/test/member_6/cf5ebc7a-eec4-4c63-8b82-1193798fbc1d_2023-11-15.jpg',2,-1,-1,-1,-1,-1,-1,6),(302,'2023-11-15 16:04:31.070925','2023-11-15 16:04:31.070925',0,'https://hanol-bucket.s3.ap-northeast-2.amazonaws.com/test/member_6/19836ece-5c84-4664-bc9d-a71bef4be921_2023-11-15.jpg',2,-1,-1,-1,-1,-1,-1,6),(303,'2023-11-15 16:05:23.486225','2023-11-15 16:05:27.075616',0,'https://hanol-bucket.s3.ap-northeast-2.amazonaws.com/test/member_6/7538ab57-a046-4211-896f-22bc04d15fee_2023-11-15.jpg',2,0,0,0,0,0,0,6),(304,'2023-11-15 16:06:04.342732','2023-11-15 16:06:08.506720',0,'https://hanol-bucket.s3.ap-northeast-2.amazonaws.com/test/member_6/e3ea480f-99b2-4eed-a3bb-8414637e600b_2023-11-15.jpg',2,0,0,0,3,0,0,6),(305,'2023-11-15 16:14:42.451376','2023-11-15 16:14:54.347331',1,'https://hanol-bucket.s3.ap-northeast-2.amazonaws.com/test/member_66/c905c323-421a-4622-b9eb-8a8417e0863e_2023-11-15.jpg',1,1,2,0,3,0,0,66),(306,'2023-11-15 17:54:08.986540','2023-11-15 17:54:08.986540',1,'https://hanol-bucket.s3.ap-northeast-2.amazonaws.com/test/member_68/5abafe26-8e8a-45bd-b581-7d4c50a49069_2023-11-15.jpg',0,-1,-1,-1,-1,-1,-1,68),(307,'2023-11-15 18:46:38.005348','2023-11-15 18:46:38.005348',1,'https://hanol-bucket.s3.ap-northeast-2.amazonaws.com/test/member_49/396289f7-31fa-46ef-9d1d-72e22fa6900a_2023-11-15.jpg',2,-1,-1,-1,-1,-1,-1,49),(308,'2023-11-15 18:47:59.081593','2023-11-15 18:47:59.081593',1,'https://hanol-bucket.s3.ap-northeast-2.amazonaws.com/test/member_49/5e1de51e-98e2-42d8-b4c4-5a19b3fafa71_2023-11-15.jpg',2,-1,-1,-1,-1,-1,-1,49),(309,'2023-11-15 22:16:50.009271','2023-11-15 22:16:50.009271',1,'https://hanol-bucket.s3.ap-northeast-2.amazonaws.com/test/member_35/acfa5090-0eba-4770-b781-e98113959a90_2023-11-15.jpg',2,-1,-1,-1,-1,-1,-1,35),(310,'2023-11-15 22:18:26.410068','2023-11-15 22:18:26.410068',1,'https://hanol-bucket.s3.ap-northeast-2.amazonaws.com/test/member_35/7f274438-b953-4ce4-bd37-c5059f83421e_2023-11-15.jpg',2,-1,-1,-1,-1,-1,-1,35),(311,'2023-11-15 22:20:14.917798','2023-11-15 22:20:14.917798',1,'https://hanol-bucket.s3.ap-northeast-2.amazonaws.com/test/member_35/f92e2712-9f2d-4dc9-a3f1-383e603c6244_2023-11-15.jpg',2,-1,-1,-1,-1,-1,-1,35),(312,'2023-11-16 01:00:04.960626','2023-11-16 01:00:04.960626',1,'https://hanol-bucket.s3.ap-northeast-2.amazonaws.com/test/member_35/5c3e6c29-4086-4936-9bf7-d22325ae7556_2023-11-16.jpg',2,-1,-1,-1,-1,-1,-1,35),(313,'2023-11-16 01:01:24.855630','2023-11-16 01:01:24.855630',1,'https://hanol-bucket.s3.ap-northeast-2.amazonaws.com/test/member_35/c699f6fb-b6ff-4409-a2e7-22f6dbf2eefb_2023-11-16.jpg',5,-1,-1,-1,-1,-1,-1,35),(314,'2023-11-16 15:00:58.573335','2023-11-16 15:00:58.573335',0,'https://hanol-bucket.s3.ap-northeast-2.amazonaws.com/test/member_3/bc11a0aa-673c-446c-a058-e8c7c83a99a6_2023-11-16.jpg',2,-1,-1,-1,-1,-1,-1,3),(315,'2023-11-16 15:05:50.342937','2023-11-16 15:05:53.750127',0,'https://hanol-bucket.s3.ap-northeast-2.amazonaws.com/test/member_3/ccdeec8b-2a7f-4fae-b401-92187690b175_2023-11-16.jpg',2,0,0,0,0,0,0,3),(316,'2023-11-16 15:06:46.536951','2023-11-16 15:06:46.536951',0,'https://hanol-bucket.s3.ap-northeast-2.amazonaws.com/test/member_3/4778740a-6588-4a5e-8ff9-64d192ead02c_2023-11-16.jpg',2,-1,-1,-1,-1,-1,-1,3),(317,'2023-11-16 15:07:12.215470','2023-11-16 15:07:15.441060',0,'https://hanol-bucket.s3.ap-northeast-2.amazonaws.com/test/member_3/85666e0b-d33e-41bc-a8d4-b3c787cb72b2_2023-11-16.jpg',2,0,0,0,0,0,3,3),(318,'2023-11-16 15:08:06.316452','2023-11-16 15:08:11.527157',0,'https://hanol-bucket.s3.ap-northeast-2.amazonaws.com/test/member_3/d5c2ba08-afab-4bf5-b5ec-dc7e35af7f68_2023-11-16.jpg',2,0,0,0,0,0,0,3),(319,'2023-11-16 15:09:35.677767','2023-11-16 15:09:39.433038',0,'https://hanol-bucket.s3.ap-northeast-2.amazonaws.com/test/member_3/7ca223a1-cf88-4873-8530-3a3c0b3f6163_2023-11-16.jpg',2,0,0,0,0,0,0,3),(320,'2023-11-16 15:10:22.685106','2023-11-16 15:10:22.685106',0,'https://hanol-bucket.s3.ap-northeast-2.amazonaws.com/test/member_3/fecb819c-5c8b-40cd-a8e0-cfad5032ec3c_2023-11-16.jpg',2,-1,-1,-1,-1,-1,-1,3),(321,'2023-11-16 15:11:06.809799','2023-11-16 15:11:10.005906',0,'https://hanol-bucket.s3.ap-northeast-2.amazonaws.com/test/member_3/60330380-8de2-45ea-a7a4-d412c13bd62e_2023-11-16.jpg',2,0,0,0,0,0,0,3),(322,'2023-11-16 15:12:02.811080','2023-11-16 15:12:05.914946',0,'https://hanol-bucket.s3.ap-northeast-2.amazonaws.com/test/member_3/fd489e91-3d66-471b-8ea7-640fa47d4051_2023-11-16.jpg',3,0,0,0,0,0,3,3),(323,'2023-11-16 15:12:45.952792','2023-11-16 15:12:55.816661',0,'https://hanol-bucket.s3.ap-northeast-2.amazonaws.com/test/member_3/b67fd135-fcd3-419b-8341-2022aedba073_2023-11-16.jpg',2,0,0,0,0,0,3,3),(324,'2023-11-16 15:14:17.572542','2023-11-16 15:14:17.572542',0,'https://hanol-bucket.s3.ap-northeast-2.amazonaws.com/test/member_3/e3263c6e-8dbc-4092-971d-9668999ffd89_2023-11-16.jpg',2,-1,-1,-1,-1,-1,-1,3),(325,'2023-11-16 15:15:12.944897','2023-11-16 15:15:17.086155',0,'https://hanol-bucket.s3.ap-northeast-2.amazonaws.com/test/member_3/cbb0697a-7e52-4d0d-ba13-62943333ad20_2023-11-16.jpg',2,0,0,0,0,0,3,3),(326,'2023-11-16 15:16:20.959455','2023-11-16 15:16:20.959455',1,'https://hanol-bucket.s3.ap-northeast-2.amazonaws.com/test/member_4/204143c2-6069-423b-92a6-299709db15b4_2023-11-16.jpg',2,-1,-1,-1,-1,-1,-1,4),(327,'2023-11-16 15:17:56.087902','2023-11-16 15:17:56.087902',1,'https://hanol-bucket.s3.ap-northeast-2.amazonaws.com/test/member_4/4ff88ab0-5ec7-4723-b560-fb177b086caa_2023-11-16.jpg',2,-1,-1,-1,-1,-1,-1,4),(328,'2023-11-16 15:19:53.925758','2023-11-16 15:20:05.301553',1,'https://hanol-bucket.s3.ap-northeast-2.amazonaws.com/test/member_4/ac6dc4db-b52c-443d-84a7-339c8588faa7_2023-11-16.jpg',2,0,0,0,0,0,3,4),(329,'2023-11-16 15:21:12.960552','2023-11-16 15:21:19.599767',1,'https://hanol-bucket.s3.ap-northeast-2.amazonaws.com/test/member_4/65bf4346-7ad1-4c3b-b298-9edff7b11f52_2023-11-16.jpg',2,0,0,0,1,0,3,4),(330,'2023-11-16 15:22:48.729842','2023-11-16 15:22:53.864241',0,'https://hanol-bucket.s3.ap-northeast-2.amazonaws.com/test/member_3/8c44560e-0606-4dfa-b64e-a517470e84b0_2023-11-16.jpg',2,0,0,0,0,0,0,3),(331,'2023-11-16 15:24:21.341174','2023-11-16 15:24:28.329566',0,'https://hanol-bucket.s3.ap-northeast-2.amazonaws.com/test/member_3/74458fa5-aa6f-41e6-810b-fc3fdf80130d_2023-11-16.jpg',2,0,0,0,1,1,3,3),(332,'2023-11-16 15:25:10.952264','2023-11-16 15:25:14.474814',0,'https://hanol-bucket.s3.ap-northeast-2.amazonaws.com/test/member_3/f74229f4-5791-49b5-8c5c-a3dd434f7866_2023-11-16.jpg',2,0,0,0,1,1,3,3),(333,'2023-11-16 15:27:51.552804','2023-11-16 15:27:55.907337',0,'https://hanol-bucket.s3.ap-northeast-2.amazonaws.com/test/member_3/71825f21-16ed-496f-adb9-f54ac772dcc6_2023-11-16.jpg',2,0,0,3,3,1,3,3),(334,'2023-11-16 15:30:43.545729','2023-11-16 15:30:49.010518',1,'https://hanol-bucket.s3.ap-northeast-2.amazonaws.com/test/member_4/574f2d7d-ee8a-46b9-be96-c3f554c31366_2023-11-16.jpg',2,0,0,0,0,0,3,4),(335,'2023-11-16 15:31:48.646383','2023-11-16 15:31:51.841516',1,'https://hanol-bucket.s3.ap-northeast-2.amazonaws.com/test/member_4/3bd966c7-7e25-41e8-87c8-9ab6dbd4b7c3_2023-11-16.jpg',2,0,0,0,0,0,0,4),(336,'2023-11-16 15:32:56.925627','2023-11-16 15:32:56.925627',1,'https://hanol-bucket.s3.ap-northeast-2.amazonaws.com/test/member_4/22cdd39f-f1a7-4127-966d-53572a785906_2023-11-16.jpg',2,-1,-1,-1,-1,-1,-1,4),(337,'2023-11-16 15:34:10.837337','2023-11-16 15:34:10.837337',1,'https://hanol-bucket.s3.ap-northeast-2.amazonaws.com/test/member_4/a014abc5-b4b7-4427-92a2-c3c64d382593_2023-11-16.jpg',2,-1,-1,-1,-1,-1,-1,4),(338,'2023-11-16 15:35:46.756035','2023-11-16 15:35:46.756035',1,'https://hanol-bucket.s3.ap-northeast-2.amazonaws.com/test/member_4/47ed9d00-2bec-4d68-bf8c-8a08b87da07a_2023-11-16.jpg',2,-1,-1,-1,-1,-1,-1,4),(339,'2023-11-16 15:38:12.236422','2023-11-16 15:38:15.377476',1,'https://hanol-bucket.s3.ap-northeast-2.amazonaws.com/test/member_4/9adadc0b-9791-40b0-b898-f62044a2917f_2023-11-16.jpg',2,0,0,0,0,0,0,4),(340,'2023-11-16 15:39:26.554564','2023-11-16 15:39:29.622804',1,'https://hanol-bucket.s3.ap-northeast-2.amazonaws.com/test/member_4/c626e074-636f-4ac7-8902-b91792b51f83_2023-11-16.jpg',2,0,0,0,0,0,3,4),(341,'2023-11-16 15:42:40.787737','2023-11-16 15:42:44.367505',1,'https://hanol-bucket.s3.ap-northeast-2.amazonaws.com/test/member_4/ea19aefd-6159-4ee5-862d-f287f16041cd_2023-11-16.jpg',2,0,0,0,0,0,0,4),(342,'2023-11-16 15:43:46.702743','2023-11-16 15:43:46.702743',1,'https://hanol-bucket.s3.ap-northeast-2.amazonaws.com/test/member_4/0ef18233-2dac-4672-ae85-437b8dd68cbb_2023-11-16.jpg',2,-1,-1,-1,-1,-1,-1,4),(343,'2023-11-16 15:45:01.176909','2023-11-16 15:45:04.313613',1,'https://hanol-bucket.s3.ap-northeast-2.amazonaws.com/test/member_4/1620f11b-123a-44d5-b2d5-e0e0163ea84e_2023-11-16.jpg',2,0,0,0,0,0,0,4),(344,'2023-11-16 15:49:10.552275','2023-11-16 15:49:10.552275',1,'https://hanol-bucket.s3.ap-northeast-2.amazonaws.com/test/member_4/16a75ee2-f2f9-4f9d-bf09-2952a3912505_2023-11-16.jpg',2,-1,-1,-1,-1,-1,-1,4),(345,'2023-11-16 15:49:13.185573','2023-11-16 15:49:13.185573',0,'https://hanol-bucket.s3.ap-northeast-2.amazonaws.com/test/member_3/9b5fce42-241c-47ca-a2bf-039f65bb7538_2023-11-16.jpg',2,-1,-1,-1,-1,-1,-1,3),(346,'2023-11-16 15:50:04.026994','2023-11-16 15:50:09.778109',0,'https://hanol-bucket.s3.ap-northeast-2.amazonaws.com/test/member_3/b8c140f5-8820-4f78-a167-d0025dd211d2_2023-11-16.jpg',2,0,0,0,0,0,3,3),(347,'2023-11-16 15:50:52.684062','2023-11-16 15:50:52.684062',0,'https://hanol-bucket.s3.ap-northeast-2.amazonaws.com/test/member_3/b8c140f5-8820-4f78-a167-d0025dd211d2_2023-11-16.jpg',2,0,0,0,0,0,3,7),(348,'2023-11-16 16:36:56.206211','2023-11-16 16:36:56.206211',1,'https://hanol-bucket.s3.ap-northeast-2.amazonaws.com/test/member_11/999a433a-b198-407c-816a-40a0861cb144_2023-11-16.jpg',2,-1,-1,-1,-1,-1,-1,11),(349,'2023-11-16 16:37:05.267990','2023-11-16 16:37:27.370676',1,'https://hanol-bucket.s3.ap-northeast-2.amazonaws.com/test/member_11/096350c7-080b-42e8-9a7b-03dd967b1e20_2023-11-16.jpg',3,2,2,1,1,1,2,11),(350,'2023-11-16 16:37:34.555324','2023-11-16 16:37:34.555324',1,'https://hanol-bucket.s3.ap-northeast-2.amazonaws.com/test/member_11/e37ac46c-191e-40ba-a109-d4966771be33_2023-11-16.jpg',2,-1,-1,-1,-1,-1,-1,11),(351,'2023-11-16 16:37:49.152083','2023-11-16 16:37:53.289541',1,'https://hanol-bucket.s3.ap-northeast-2.amazonaws.com/test/member_11/cd2568f9-ad41-4bfc-a94e-7f5678f1b609_2023-11-16.jpg',3,2,2,1,1,1,2,11),(352,'2023-11-16 16:38:46.774177','2023-11-16 16:38:50.453736',1,'https://hanol-bucket.s3.ap-northeast-2.amazonaws.com/test/member_11/a28ec8e4-a712-4f12-b8a9-918544cb2042_2023-11-16.jpg',2,2,0,1,1,1,1,11),(353,'2023-11-16 16:39:54.135643','2023-11-16 16:39:58.914711',1,'https://hanol-bucket.s3.ap-northeast-2.amazonaws.com/test/member_11/aef4b34c-e6c2-4f6e-9161-ef6d30c51e57_2023-11-16.jpg',2,2,2,1,1,1,2,11),(354,'2023-11-16 16:40:39.208399','2023-11-16 16:40:42.781993',1,'https://hanol-bucket.s3.ap-northeast-2.amazonaws.com/test/member_11/24961ef9-c363-4700-9245-fcefd7e0a3c2_2023-11-16.jpg',3,2,2,1,1,1,2,11),(355,'2023-11-16 17:27:33.206669','2023-11-16 17:27:40.247737',0,'https://hanol-bucket.s3.ap-northeast-2.amazonaws.com/test/member_3/bab95b8b-ea41-4f1b-9d56-ea19134c9b42_2023-11-16.jpg',2,0,0,0,0,0,0,3),(356,'2023-11-16 17:28:01.221566','2023-11-16 17:28:07.886394',0,'https://hanol-bucket.s3.ap-northeast-2.amazonaws.com/test/member_3/6230db73-d1de-46d7-8b56-7ea868403d58_2023-11-16.jpg',2,0,0,0,0,0,0,3),(357,'2023-11-16 17:28:30.934822','2023-11-16 17:28:40.436778',0,'https://hanol-bucket.s3.ap-northeast-2.amazonaws.com/test/member_3/f64265b8-ad1d-4f1f-b9a3-a6b988780b20_2023-11-16.jpg',4,0,0,0,1,0,0,3),(358,'2023-11-16 17:29:03.368356','2023-11-16 17:29:06.809216',0,'https://hanol-bucket.s3.ap-northeast-2.amazonaws.com/test/member_3/559e44a7-40fc-432f-abfb-0be9a433141e_2023-11-16.jpg',2,0,0,0,0,0,3,3),(359,'2023-11-16 17:29:28.120321','2023-11-16 17:29:33.480291',0,'https://hanol-bucket.s3.ap-northeast-2.amazonaws.com/test/member_3/68fe41ac-0676-4ecc-abd6-84b0bf962f96_2023-11-16.jpg',2,0,0,0,0,0,0,3),(360,'2023-11-16 17:30:19.697504','2023-11-16 17:30:22.874756',0,'https://hanol-bucket.s3.ap-northeast-2.amazonaws.com/test/member_3/fad7658c-526c-4fc1-8a1b-8e871c38bc5c_2023-11-16.jpg',2,0,0,0,0,0,0,3),(361,'2023-11-16 17:30:58.086132','2023-11-16 17:31:01.328250',0,'https://hanol-bucket.s3.ap-northeast-2.amazonaws.com/test/member_3/6348bd59-9805-4e9d-8bfe-49823b8cea4c_2023-11-16.jpg',2,0,0,0,1,0,3,3),(362,'2023-11-16 17:31:25.932911','2023-11-16 17:31:31.610371',0,'https://hanol-bucket.s3.ap-northeast-2.amazonaws.com/test/member_3/626a4361-cae3-4181-98b9-0341fb3017ad_2023-11-16.jpg',2,0,0,0,0,0,0,3),(363,'2023-11-16 17:31:54.762432','2023-11-16 17:31:58.266696',0,'https://hanol-bucket.s3.ap-northeast-2.amazonaws.com/test/member_3/129a2119-7760-46bf-b6e2-956057608f2d_2023-11-16.jpg',2,0,0,0,0,0,3,3),(364,'2023-11-16 17:32:58.774471','2023-11-16 17:33:04.723402',0,'https://hanol-bucket.s3.ap-northeast-2.amazonaws.com/test/member_3/a69b27bf-625a-4fc0-bd0c-6e5f97955274_2023-11-16.jpg',2,0,0,0,0,0,0,3);
/*!40000 ALTER TABLE `diagnosis` ENABLE KEYS */;
UNLOCK TABLES;

--
-- Table structure for table `examination_result`
--

DROP TABLE IF EXISTS `examination_result`;
/*!40101 SET @saved_cs_client     = @@character_set_client */;
/*!50503 SET character_set_client = utf8mb4 */;
CREATE TABLE `examination_result` (
  `examination_result_id` bigint(20) NOT NULL AUTO_INCREMENT,
  `created_date` datetime(6) NOT NULL,
  `updated_date` datetime(6) DEFAULT NULL,
  `type_0` tinyint(1) NOT NULL,
  `type_1` tinyint(1) NOT NULL,
  `type_2` tinyint(1) NOT NULL,
  `type_3` tinyint(1) NOT NULL,
  `type_4` tinyint(1) NOT NULL,
  `type_5` tinyint(1) NOT NULL,
  `type_6` tinyint(1) NOT NULL,
  `examination_survey_id` bigint(20) NOT NULL,
  `member_id` bigint(20) NOT NULL,
  PRIMARY KEY (`examination_result_id`),
  KEY `FKe8x92lo7vx3yy70gvbp8jxyh7` (`examination_survey_id`),
  KEY `FKfn5ek2ag17qbdg5uuxltxr99q` (`member_id`),
  CONSTRAINT `FKe8x92lo7vx3yy70gvbp8jxyh7` FOREIGN KEY (`examination_survey_id`) REFERENCES `examination_survey` (`examination_survey_id`),
  CONSTRAINT `FKfn5ek2ag17qbdg5uuxltxr99q` FOREIGN KEY (`member_id`) REFERENCES `member` (`member_id`)
) ENGINE=InnoDB AUTO_INCREMENT=44 DEFAULT CHARSET=utf8mb4 COLLATE=utf8mb4_unicode_ci;
/*!40101 SET character_set_client = @saved_cs_client */;

--
-- Dumping data for table `examination_result`
--

LOCK TABLES `examination_result` WRITE;
/*!40000 ALTER TABLE `examination_result` DISABLE KEYS */;
INSERT INTO `examination_result` VALUES (1,'2023-11-08 15:51:20.064563','2023-11-08 15:51:20.064563',0,0,1,0,0,0,0,1,3),(2,'2023-11-08 16:10:34.198776','2023-11-08 16:10:34.198776',0,0,1,0,0,0,0,2,3),(3,'2023-11-08 16:11:21.358588','2023-11-08 16:11:21.358588',1,0,0,0,0,0,0,3,3),(4,'2023-11-08 16:12:33.367116','2023-11-08 16:12:33.367116',0,0,1,0,0,0,0,4,3),(5,'2023-11-09 10:02:14.567369','2023-11-09 10:02:14.567369',0,0,1,0,0,0,0,5,2),(6,'2023-11-09 13:58:36.593610','2023-11-09 13:58:36.593610',1,0,0,0,0,0,0,6,6),(7,'2023-11-09 18:40:22.496413','2023-11-09 18:40:22.496413',0,0,1,0,0,0,0,7,8),(8,'2023-11-10 12:33:36.596786','2023-11-10 12:33:36.596786',0,0,1,0,0,0,0,8,6),(9,'2023-11-12 17:49:16.902811','2023-11-12 17:49:16.902811',0,0,1,0,0,0,0,9,3),(10,'2023-11-12 17:50:08.022272','2023-11-12 17:50:08.022272',0,0,1,0,0,0,0,10,3),(11,'2023-11-12 17:50:39.030341','2023-11-12 17:50:39.030341',0,0,1,0,0,0,0,11,3),(12,'2023-11-12 17:51:10.629031','2023-11-12 17:51:10.629031',0,0,1,0,0,0,0,12,3),(13,'2023-11-12 17:51:18.840554','2023-11-12 17:51:18.840554',0,0,1,0,0,0,0,13,4),(14,'2023-11-12 17:51:37.121506','2023-11-12 17:51:37.121506',0,0,1,0,0,0,0,14,2),(15,'2023-11-12 17:51:46.068180','2023-11-12 17:51:46.068180',0,0,1,0,0,0,0,15,4),(16,'2023-11-12 17:51:53.070092','2023-11-12 17:51:53.070092',0,0,1,0,0,0,0,16,2),(17,'2023-11-12 17:52:08.677562','2023-11-12 17:52:08.677562',1,0,0,0,0,0,0,17,2),(18,'2023-11-12 17:52:18.725634','2023-11-12 17:52:18.725634',1,0,0,0,0,0,0,18,7),(19,'2023-11-12 17:52:27.093511','2023-11-12 17:52:27.093511',0,0,1,0,0,0,0,19,1),(20,'2023-11-12 17:52:32.614804','2023-11-12 17:52:32.614804',1,0,0,0,0,0,0,20,3),(21,'2023-11-12 17:52:50.064738','2023-11-12 17:52:50.064738',1,0,0,0,0,0,0,21,1),(22,'2023-11-12 17:52:59.638722','2023-11-12 17:52:59.638722',0,0,1,0,0,0,0,22,4),(23,'2023-11-12 19:54:46.191130','2023-11-12 19:54:46.191130',0,0,1,0,0,0,0,23,4),(24,'2023-11-12 20:47:59.626614','2023-11-12 20:47:59.626614',0,0,1,0,0,0,0,24,4),(25,'2023-11-13 10:29:37.503219','2023-11-13 10:29:37.503219',0,0,1,0,0,0,0,25,6),(26,'2023-11-13 12:20:24.930748','2023-11-13 12:20:24.930748',0,0,1,0,0,0,0,26,10),(27,'2023-11-13 16:14:42.062657','2023-11-13 16:14:42.062657',0,0,1,0,0,0,0,27,8),(28,'2023-11-13 17:17:56.868850','2023-11-13 17:17:56.868850',1,0,0,0,0,0,0,28,19),(29,'2023-11-13 17:53:01.092755','2023-11-13 17:53:01.092755',0,0,1,0,0,0,0,29,22),(30,'2023-11-13 21:46:55.940106','2023-11-13 21:46:55.940106',1,0,0,0,0,0,0,30,26),(31,'2023-11-14 13:20:59.678547','2023-11-14 13:20:59.678547',1,0,0,0,0,0,0,31,11),(32,'2023-11-14 14:28:30.721996','2023-11-14 14:28:30.721996',0,0,1,0,0,0,0,32,1),(33,'2023-11-14 15:10:16.334532','2023-11-14 15:10:16.334532',1,0,0,0,0,0,0,33,3),(34,'2023-11-14 16:19:44.679187','2023-11-14 16:19:44.679187',0,0,1,0,0,0,0,34,3),(35,'2023-11-14 16:21:37.299677','2023-11-14 16:21:37.299677',0,0,1,0,0,0,0,35,44),(36,'2023-11-14 16:21:38.526525','2023-11-14 16:21:38.526525',0,0,1,0,0,0,0,36,48),(37,'2023-11-15 01:40:03.586098','2023-11-15 01:40:03.586098',0,0,1,0,0,0,0,37,52),(38,'2023-11-15 10:16:18.059260','2023-11-15 10:16:18.059260',1,0,0,0,0,0,0,38,54),(39,'2023-11-15 13:30:18.772362','2023-11-15 13:30:18.772362',0,0,1,0,0,0,0,39,3),(40,'2023-11-15 14:18:27.246000','2023-11-15 14:18:27.246000',1,0,0,0,0,0,0,40,11),(41,'2023-11-15 14:19:03.137763','2023-11-15 14:19:03.137763',0,0,1,0,0,0,0,41,11),(42,'2023-11-15 14:29:24.473385','2023-11-15 14:29:24.473385',0,0,1,0,0,0,0,42,11),(43,'2023-11-15 14:50:16.332047','2023-11-15 14:50:16.332047',0,0,1,0,0,0,0,43,3);
/*!40000 ALTER TABLE `examination_result` ENABLE KEYS */;
UNLOCK TABLES;

--
-- Table structure for table `examination_survey`
--

DROP TABLE IF EXISTS `examination_survey`;
/*!40101 SET @saved_cs_client     = @@character_set_client */;
/*!50503 SET character_set_client = utf8mb4 */;
CREATE TABLE `examination_survey` (
  `examination_survey_id` bigint(20) NOT NULL AUTO_INCREMENT,
  `created_date` datetime(6) NOT NULL,
  `updated_date` datetime(6) DEFAULT NULL,
  `age` int(11) NOT NULL,
  `answer_1` varchar(30) NOT NULL,
  `answer_2` varchar(30) NOT NULL,
  `answer_3` varchar(30) NOT NULL,
  `answer_4` varchar(30) NOT NULL,
  `answer_5` varchar(30) NOT NULL,
  `answer_6` varchar(30) NOT NULL,
  `answer_7` varchar(30) NOT NULL,
  `gender` varchar(255) NOT NULL,
  `member_id` bigint(20) NOT NULL,
  PRIMARY KEY (`examination_survey_id`),
  KEY `FKd0elh9np80spjpverc4j2ei30` (`member_id`),
  CONSTRAINT `FKd0elh9np80spjpverc4j2ei30` FOREIGN KEY (`member_id`) REFERENCES `member` (`member_id`)
) ENGINE=InnoDB AUTO_INCREMENT=44 DEFAULT CHARSET=utf8mb4 COLLATE=utf8mb4_unicode_ci;
/*!40101 SET character_set_client = @saved_cs_client */;

--
-- Dumping data for table `examination_survey`
--

LOCK TABLES `examination_survey` WRITE;
/*!40000 ALTER TABLE `examination_survey` DISABLE KEYS */;
INSERT INTO `examination_survey` VALUES (1,'2023-11-08 15:51:20.049506','2023-11-08 15:51:20.049506',20,'0','0','0','3','0,5','1','0','0',3),(2,'2023-11-08 16:10:34.196909','2023-11-08 16:10:34.196909',20,'1','1','3','3','3','1','0','0',3),(3,'2023-11-08 16:11:21.356808','2023-11-08 16:11:21.356808',20,'0','3','3','3','3','1','0','0',3),(4,'2023-11-08 16:12:33.365401','2023-11-08 16:12:33.365401',20,'0','1','2','2','4','1','1','0',3),(5,'2023-11-09 10:02:14.563194','2023-11-09 10:02:14.563194',0,'1','1','3','3','2','1','0','0',2),(6,'2023-11-09 13:58:36.581888','2023-11-09 13:58:36.581888',20,'0','2','0','3','0,4','0','0','0',6),(7,'2023-11-09 18:40:22.484840','2023-11-09 18:40:22.484840',20,'0','0','0','3','0,3,5','0','0','1',8),(8,'2023-11-10 12:33:36.585150','2023-11-10 12:33:36.585150',20,'1','2','0','3','0,4','0','0','0',6),(9,'2023-11-12 17:49:16.891831','2023-11-12 17:49:16.891831',20,'0','0','0','3','0,5','0','0','0',3),(10,'2023-11-12 17:50:08.020653','2023-11-12 17:50:08.020653',20,'2','3','3','0','4','0','2','0',3),(11,'2023-11-12 17:50:39.028447','2023-11-12 17:50:39.028447',20,'1','1','3','1','3,6','1','5','0',3),(12,'2023-11-12 17:51:10.627369','2023-11-12 17:51:10.627369',20,'2','0','1','2','3','1','5','0',3),(13,'2023-11-12 17:51:18.838948','2023-11-12 17:51:18.838948',0,'1','2','0','2','3','0','0','1',4),(14,'2023-11-12 17:51:37.119369','2023-11-12 17:51:37.119369',0,'1','0','0','1','0','0','0','0',2),(15,'2023-11-12 17:51:46.066489','2023-11-12 17:51:46.066489',0,'2','1','0','3','0,5','0','5','1',4),(16,'2023-11-12 17:51:53.068126','2023-11-12 17:51:53.068126',0,'2','3','3','3','6','1','0','0',2),(17,'2023-11-12 17:52:08.675911','2023-11-12 17:52:08.675911',0,'0','0','0','0','0','0','5','0',2),(18,'2023-11-12 17:52:18.723960','2023-11-12 17:52:18.723960',0,'0','0','0','3','0','0','0','0',7),(19,'2023-11-12 17:52:27.091855','2023-11-12 17:52:27.091855',20,'2','2','3','2','3','1','1','1',1),(20,'2023-11-12 17:52:32.613182','2023-11-12 17:52:32.613182',20,'0','0','0','0','0','0','2','0',3),(21,'2023-11-12 17:52:50.062360','2023-11-12 17:52:50.062360',20,'1','2','3','2','3','0','2','1',1),(22,'2023-11-12 17:52:59.637084','2023-11-12 17:52:59.637084',0,'1','3','3','1','0,3,5','1','4','1',4),(23,'2023-11-12 19:54:46.189689','2023-11-12 19:54:46.189689',0,'2','1','2','2','1','1','0','1',4),(24,'2023-11-12 20:47:59.624932','2023-11-12 20:47:59.624932',0,'1','3','1','0','0,3,4,5','1','3','1',4),(25,'2023-11-13 10:29:37.490688','2023-11-13 10:29:37.490688',20,'1','2','0','3','0,4','0','0','0',6),(26,'2023-11-13 12:20:24.917764','2023-11-13 12:20:24.917764',20,'0','1','0','0','0,4','1','0','1',10),(27,'2023-11-13 16:14:42.058109','2023-11-13 16:14:42.058109',20,'0','0','0','3','0,1,2','0','0','1',8),(28,'2023-11-13 17:17:56.867225','2023-11-13 17:17:56.867225',40,'1','0','0','3','0','0','0','0',19),(29,'2023-11-13 17:53:01.091028','2023-11-13 17:53:01.091028',20,'0','1','0','0','0,3,4,5','1','0','1',22),(30,'2023-11-13 21:46:55.938446','2023-11-13 21:46:55.938446',50,'0','0','0','3','0','0','0','0',26),(31,'2023-11-14 13:20:59.674827','2023-11-14 13:20:59.674827',0,'1','2','3','3','2,6','1','0','0',11),(32,'2023-11-14 14:28:30.720646','2023-11-14 14:28:30.720646',20,'0','1','2','3','0,4,5','1','0','1',1),(33,'2023-11-14 15:10:16.332735','2023-11-14 15:10:16.332735',20,'0','0','0','0','0','0','0','0',3),(34,'2023-11-14 16:19:44.677732','2023-11-14 16:19:44.677732',20,'0','1','2','0','0,1','0','0','0',3),(35,'2023-11-14 16:21:37.298323','2023-11-14 16:21:37.298323',20,'1','1','0','3','0,4','0','0','1',44),(36,'2023-11-14 16:21:38.525221','2023-11-14 16:21:38.525221',20,'0','0','0','3','0','0','0','1',48),(37,'2023-11-15 01:40:03.582106','2023-11-15 01:40:03.582106',20,'1','0','0','3','0','1','0','0',52),(38,'2023-11-15 10:16:18.055754','2023-11-15 10:16:18.055754',20,'1','1','0','3','0','1','0','0',54),(39,'2023-11-15 13:30:18.756470','2023-11-15 13:30:18.756470',20,'0','1','0','3','0,4','0','0','0',3),(40,'2023-11-15 14:18:27.244406','2023-11-15 14:18:27.244406',0,'0','1','0','1','3','1','0','0',11),(41,'2023-11-15 14:19:03.136114','2023-11-15 14:19:03.136114',0,'2','3','3','2','3','1','1','0',11),(42,'2023-11-15 14:29:24.471731','2023-11-15 14:29:24.471731',0,'2','2','3','3','4','1','0','0',11),(43,'2023-11-15 14:50:16.330462','2023-11-15 14:50:16.330462',20,'0','0','0','3','0,5','1','0','0',3);
/*!40000 ALTER TABLE `examination_survey` ENABLE KEYS */;
UNLOCK TABLES;

--
-- Table structure for table `member`
--

DROP TABLE IF EXISTS `member`;
/*!40101 SET @saved_cs_client     = @@character_set_client */;
/*!50503 SET character_set_client = utf8mb4 */;
CREATE TABLE `member` (
  `member_id` bigint(20) NOT NULL AUTO_INCREMENT,
  `created_date` datetime(6) NOT NULL,
  `updated_date` datetime(6) DEFAULT NULL,
  `birth` date DEFAULT NULL,
  `email` varchar(255) NOT NULL,
  `gender` int(11) DEFAULT NULL,
  `last_login_date` datetime(6) DEFAULT NULL,
  `name` varchar(255) NOT NULL,
  `oauth_id` varchar(255) NOT NULL,
  `oauth_provider` varchar(255) NOT NULL,
  `role` int(11) NOT NULL,
  PRIMARY KEY (`member_id`),
  UNIQUE KEY `unique_oauth_member` (`oauth_provider`,`oauth_id`)
) ENGINE=InnoDB AUTO_INCREMENT=71 DEFAULT CHARSET=utf8mb4 COLLATE=utf8mb4_unicode_ci;
/*!40101 SET character_set_client = @saved_cs_client */;

--
-- Dumping data for table `member`
--

LOCK TABLES `member` WRITE;
/*!40000 ALTER TABLE `member` DISABLE KEYS */;
INSERT INTO `member` VALUES (1,'2023-11-08 13:19:29.055145','2023-11-15 17:02:37.328016','1993-12-29','nahye2772@naver.com',1,'2023-11-15 17:02:37.325995','','3141770053','KAKAO',1),(2,'2023-11-08 13:24:43.681233','2023-11-13 13:42:46.433041','2023-11-02','choi12920@naver.com',0,'2023-11-13 13:42:46.431104','','000000','KAKAO',1),(3,'2023-11-08 15:45:58.951184','2023-11-16 17:38:49.452139','1997-06-10','boaz41@naver.com',0,'2023-11-16 17:38:49.449798','','3152635066','KAKAO',1),(4,'2023-11-08 17:38:47.204627','2023-11-16 15:35:37.009259','2023-10-04','spritaa@naver.com',1,'2023-11-16 15:35:37.007321','','3141781641','KAKAO',1),(5,'2023-11-09 10:42:09.205784','2023-11-10 14:00:11.362572','2001-12-12','millie2107@kakao.com',1,'2023-11-10 14:00:11.360542','Sh','3154616953','KAKAO',0),(6,'2023-11-09 11:04:08.179609','2023-11-15 16:04:01.476050','1996-11-07','idkim9279@daum.net',0,'2023-11-15 16:04:01.473919','','3151926501','KAKAO',1),(7,'2023-11-09 13:35:05.002525','2023-11-14 17:50:45.504850','2023-11-06','jlal1226@naver.com',0,'2023-11-14 17:50:45.503572','','3115780989','KAKAO',1),(8,'2023-11-09 18:37:57.676857','2023-11-14 20:29:12.184005','1996-11-05','tensi96@hanmail.net',1,'2023-11-14 20:29:12.182490','','3155283771','KAKAO',0),(9,'2023-11-12 19:41:49.429484','2023-11-12 19:42:51.372176',NULL,'sspritaa@daum.net',NULL,'2023-11-12 19:42:51.370614','','3159671290','KAKAO',3),(10,'2023-11-13 12:17:50.577559','2023-11-13 12:18:04.651813','1999-01-11','happyoyj@naver.com',1,'2023-11-13 12:17:50.597487','','3160544502','KAKAO',0),(11,'2023-11-13 13:46:08.440669','2023-11-16 16:37:26.746808','2023-11-07','choi12920@naver.com',0,'2023-11-16 16:37:26.743720','','3117200449','KAKAO',1),(12,'2023-11-13 14:05:28.817875','2023-11-13 14:05:36.650228','1998-02-13','dksj9921@naver.com',0,'2023-11-13 14:05:28.822470','','3160704743','KAKAO',0),(13,'2023-11-13 16:41:02.698931','2023-11-13 16:42:48.555293','1996-11-13','qudcks2695@naver.com',0,'2023-11-13 16:42:48.553600','','3160937683','KAKAO',0),(14,'2023-11-13 16:52:45.662492','2023-11-13 16:53:02.553190','1994-10-08','dbtjq1592000@naver.com',0,'2023-11-13 16:52:45.665043','','3160955147','KAKAO',0),(15,'2023-11-13 16:53:27.674908','2023-11-13 19:59:59.994196','1993-05-17','eeesomin@nate.com',1,'2023-11-13 19:59:59.992253','','3160956083','KAKAO',0),(16,'2023-11-13 16:58:18.202333','2023-11-13 16:58:30.150996','1993-09-15','bornfre9@daum.net',1,'2023-11-13 16:58:18.206619','','3160963358','KAKAO',0),(17,'2023-11-13 17:04:28.390378','2023-11-13 17:04:42.289395','1998-01-31','wldnjs9515@naver.com',1,'2023-11-13 17:04:28.394848','','3160972590','KAKAO',0),(18,'2023-11-13 17:13:07.657010','2023-11-13 17:13:43.970854','1994-08-20','sunmi5878@naver.com',1,'2023-11-13 17:13:43.969127','','3160986034','KAKAO',0),(19,'2023-11-13 17:15:35.774213','2023-11-15 13:28:03.163201','1981-09-12','hslee0912@naver.com',0,'2023-11-15 13:28:03.158943','','3160989806','KAKAO',0),(20,'2023-11-13 17:24:14.689616','2023-11-13 17:24:35.410475','1998-07-27','pkgun727@hanmail.net',0,'2023-11-13 17:24:14.694456','','3161003090','KAKAO',0),(21,'2023-11-13 17:24:25.901211','2023-11-13 17:24:33.746077','1999-05-17','khappy517@naver.com',1,'2023-11-13 17:24:25.903148','','3161003369','KAKAO',0),(22,'2023-11-13 17:51:55.181873','2023-11-13 17:52:13.690589','1997-03-02','fox5457@naver.com',1,'2023-11-13 17:51:55.187271','','3161044238','KAKAO',0),(23,'2023-11-13 18:05:07.764866','2023-11-13 18:05:07.769297',NULL,'timidemi@naver.com',NULL,'2023-11-13 18:05:07.767141','','3161063569','KAKAO',3),(24,'2023-11-13 18:14:44.781379','2023-11-13 18:14:56.796304','1999-10-29','imapples@naver.com',1,'2023-11-13 18:14:44.783744','','3161077250','KAKAO',0),(25,'2023-11-13 18:44:50.185276','2023-11-13 18:44:50.189686',NULL,'ba1127@daum.net',NULL,'2023-11-13 18:44:50.187568','bhs','3161119824','KAKAO',3),(26,'2023-11-13 21:42:30.423721','2023-11-13 21:42:47.396112','1964-07-16','idiot.1@daum.net',0,'2023-11-13 21:42:30.427907','.','3161387115','KAKAO',0),(27,'2023-11-13 22:16:34.275328','2023-11-13 22:16:53.476305','1993-06-28','pm431@naver.com',1,'2023-11-13 22:16:34.277331','','3161441282','KAKAO',0),(28,'2023-11-13 22:23:13.140094','2023-11-13 22:23:31.497729','1993-05-26','ebal4@naver.com',1,'2023-11-13 22:23:13.144700','','3161452187','KAKAO',0),(29,'2023-11-14 08:27:17.695903','2023-11-14 08:27:35.657221','1996-05-17','snowdalki@hanmail.net',1,'2023-11-14 08:27:17.698416','MJ','3161790273','KAKAO',0),(30,'2023-11-14 11:31:50.014826','2023-11-14 11:32:16.118207','1999-04-19','tmdghtmdgh99@kakao.com',0,'2023-11-14 11:31:50.017158','','3162026822','KAKAO',0),(31,'2023-11-14 11:34:08.111148','2023-11-14 14:41:52.735856','2000-01-30','noseahe@naver.com',1,'2023-11-14 14:41:52.733826','','3162030265','KAKAO',0),(32,'2023-11-14 11:37:25.764257','2023-11-14 11:37:34.141478','1998-09-23','card092345@daum.net',0,'2023-11-14 11:37:25.766759','','3162035089','KAKAO',0),(33,'2023-11-14 11:41:04.973522','2023-11-14 14:19:21.639233','1995-01-27','gild_stand@naver.com',0,'2023-11-14 14:19:21.637587','','3162040370','KAKAO',0),(34,'2023-11-14 11:43:53.793824','2023-11-14 11:44:01.890225','1998-04-15','s98415@naver.com',1,'2023-11-14 11:43:53.798136','','3162044604','KAKAO',0),(35,'2023-11-14 14:18:52.655111','2023-11-15 22:16:12.033271','1998-01-29','kadie@naver.com',1,'2023-11-15 22:16:12.031260','','3162270113','KAKAO',0),(36,'2023-11-14 14:20:38.234698','2023-11-15 12:48:20.719871','1995-11-09','tseok0917@naver.com',0,'2023-11-15 12:48:20.716927','','3162272712','KAKAO',0),(37,'2023-11-14 14:21:29.404806','2023-11-14 14:21:29.409164',NULL,'kjin0517@naver.com',NULL,'2023-11-14 14:21:29.406750','','3162274083','KAKAO',3),(38,'2023-11-14 14:34:10.708221','2023-11-14 14:34:24.659682','1996-01-16','wrasf175@kakao.com',0,'2023-11-14 14:34:10.710351','','3162293018','KAKAO',0),(39,'2023-11-14 14:36:24.211853','2023-11-14 14:36:24.215747',NULL,'hijeehea@nate.com',NULL,'2023-11-14 14:36:24.213712','Haley','3162296355','KAKAO',3),(40,'2023-11-14 15:12:06.608660','2023-11-14 15:12:39.647713','1999-10-05','mnvyiions@gmail.com',0,'2023-11-14 15:12:06.611178','','3162350760','KAKAO',0),(41,'2023-11-14 15:12:07.866126','2023-11-14 15:17:49.115282','1999-07-23','blancmer723@gmail.com',1,'2023-11-14 15:17:49.113512','','3162350783','KAKAO',0),(42,'2023-11-14 15:12:44.786748','2023-11-14 15:18:50.661630','1999-04-19','kmeye0419@gmail.com',1,'2023-11-14 15:18:50.660028','','3162351731','KAKAO',0),(43,'2023-11-14 15:13:15.978417','2023-11-14 15:13:41.652433','1998-02-03','jim9823@naver.com',0,'2023-11-14 15:13:15.980716','','3162352579','KAKAO',0),(44,'2023-11-14 16:20:42.802321','2023-11-14 16:21:02.155609','1999-09-21','dkflsqhanf@korea.com',1,'2023-11-14 16:20:42.805138','','3162454274','KAKAO',0),(45,'2023-11-14 16:20:45.875941','2023-11-14 16:21:03.765458','1995-12-18','1218song@naver.com',0,'2023-11-14 16:20:45.878099','','3162454363','KAKAO',0),(46,'2023-11-14 16:20:49.954856','2023-11-14 16:21:38.144535','1997-01-29','ztrl@naver.com',0,'2023-11-14 16:20:49.956688','','3162454466','KAKAO',0),(47,'2023-11-14 16:20:50.210397','2023-11-14 16:21:04.022838','1999-08-14','cebu13@gmail.com',0,'2023-11-14 16:20:50.212316','jh','3162454469','KAKAO',0),(48,'2023-11-14 16:20:51.478314','2023-11-14 16:21:09.933098','1999-04-23','gosjorb@naver.com',1,'2023-11-14 16:20:51.481176','','3162454504','KAKAO',0),(49,'2023-11-14 16:21:01.309524','2023-11-15 18:45:37.830107','1998-08-27','gusckd96@naver.com',0,'2023-11-15 18:45:37.827905','','3162454714','KAKAO',0),(50,'2023-11-14 16:21:37.559798','2023-11-14 16:21:52.690625','1996-07-11','eurohand@naver.com',0,'2023-11-14 16:21:37.564898','','3162455570','KAKAO',0),(51,'2023-11-14 16:24:17.659466','2023-11-14 16:24:31.063604','1998-01-05','kddw98@naver.com',0,'2023-11-14 16:24:17.661455','','3162459544','KAKAO',0),(52,'2023-11-15 01:33:40.850853','2023-11-15 01:33:53.021695','1997-09-09','stardragon09@naver.com',0,'2023-11-15 01:33:40.855767','','3163172833','KAKAO',0),(53,'2023-11-15 09:42:28.357408','2023-11-15 09:42:42.270454','1992-01-14','pharmchoi@kakao.com',0,'2023-11-15 09:42:28.359105','','3163394374','KAKAO',0),(54,'2023-11-15 10:07:14.311096','2023-11-15 10:07:33.288729','1997-02-22','xjffla12@naver.com',0,'2023-11-15 10:07:14.313335','','3163427445','KAKAO',0),(55,'2023-11-15 10:08:22.441055','2023-11-15 10:08:29.161631','1996-10-21','kanghee96@gmail.com',0,'2023-11-15 10:08:22.442905','','3163429176','KAKAO',0),(56,'2023-11-15 10:17:34.210346','2023-11-15 10:17:57.961460','2000-02-02','quso12358@naver.com',0,'2023-11-15 10:17:34.214333','','3163442670','KAKAO',0),(57,'2023-11-15 10:17:49.617210','2023-11-15 10:21:54.623589','1999-01-11','bjw0111@naver.com',0,'2023-11-15 10:21:54.622008','','3163443047','KAKAO',0),(58,'2023-11-15 10:22:07.237214','2023-11-15 10:40:08.774292','1997-11-24','shin421179@naver.com',0,'2023-11-15 10:40:08.772609','','3163449304','KAKAO',0),(59,'2023-11-15 10:22:46.302630','2023-11-15 10:22:55.248413','1998-05-10','amico741@hanmail.net',0,'2023-11-15 10:22:46.304446','','3163450216','KAKAO',0),(60,'2023-11-15 10:23:06.553818','2023-11-15 10:23:19.706530','1994-03-12','ojy0912@gmail.com',0,'2023-11-15 10:23:06.555539','','3163450676','KAKAO',0),(61,'2023-11-15 10:29:26.775975','2023-11-15 10:29:41.211125','1996-06-29','h2002y@naver.com',1,'2023-11-15 10:29:26.781643','','3163459776','KAKAO',0),(62,'2023-11-15 10:49:55.989338','2023-11-15 10:50:09.195173','1996-08-29','gfg13@naver.com',0,'2023-11-15 10:49:55.991388','','3163490629','KAKAO',0),(63,'2023-11-15 10:56:44.197667','2023-11-15 10:57:03.861869','1989-02-01','pr246@naver.com',1,'2023-11-15 10:56:44.267765','','3163501236','KAKAO',0),(64,'2023-11-15 11:26:34.288569','2023-11-15 11:26:51.178988','1997-05-16','spmjoon@gmail.com',0,'2023-11-15 11:26:34.294754','','3163550021','KAKAO',0),(65,'2023-11-15 14:17:29.912684','2023-11-15 14:17:43.411612','1994-11-24','ldh9411@kakao.com',0,'2023-11-15 14:17:29.917741','','3163810321','KAKAO',0),(66,'2023-11-15 16:13:36.704769','2023-11-15 16:14:06.386227','1997-11-15','jeno8522@nate.com',0,'2023-11-15 16:13:36.708970','','3163998442','KAKAO',0),(67,'2023-11-15 16:36:44.396763','2023-11-15 16:37:01.452311','1998-04-07','dls3145@naver.com',0,'2023-11-15 16:36:44.398913','','3164036400','KAKAO',0),(68,'2023-11-15 17:52:54.753898','2023-11-15 17:53:14.673358','1995-06-02','energy060@naver.com',0,'2023-11-15 17:52:54.758530','','3164155277','KAKAO',0),(69,'2023-11-15 21:03:03.114590','2023-11-15 21:03:36.059233','1998-01-19','gyuraniakim@kakao.com',1,'2023-11-15 21:03:36.057581','','3164430051','KAKAO',0),(70,'2023-11-16 08:50:25.401808','2023-11-16 08:50:49.135260','1997-01-04','sjw9714@naver.com',0,'2023-11-16 08:50:25.406562','','3164903934','KAKAO',0);
/*!40000 ALTER TABLE `member` ENABLE KEYS */;
UNLOCK TABLES;

--
-- Table structure for table `member_routine`
--

DROP TABLE IF EXISTS `member_routine`;
/*!40101 SET @saved_cs_client     = @@character_set_client */;
/*!50503 SET character_set_client = utf8mb4 */;
CREATE TABLE `member_routine` (
  `member_routine_id` bigint(20) NOT NULL AUTO_INCREMENT,
  `created_date` datetime(6) NOT NULL,
  `updated_date` datetime(6) DEFAULT NULL,
  `is_notification_active` tinyint(1) DEFAULT 0,
  `notification_time` time DEFAULT NULL,
  `member_id` bigint(20) NOT NULL,
  `routine_id` bigint(20) NOT NULL,
  PRIMARY KEY (`member_routine_id`),
  UNIQUE KEY `UKfn82i2palln7d7j5khbti60u1` (`member_id`,`routine_id`),
  KEY `FK97qki7tcs8bcrjhy2qv654hsv` (`routine_id`),
  CONSTRAINT `FK97qki7tcs8bcrjhy2qv654hsv` FOREIGN KEY (`routine_id`) REFERENCES `routine` (`routine_id`),
  CONSTRAINT `FKirvx5axdv805ge3t05jl2lo9t` FOREIGN KEY (`member_id`) REFERENCES `member` (`member_id`)
) ENGINE=InnoDB AUTO_INCREMENT=146 DEFAULT CHARSET=utf8mb4 COLLATE=utf8mb4_unicode_ci;
/*!40101 SET character_set_client = @saved_cs_client */;

--
-- Dumping data for table `member_routine`
--

LOCK TABLES `member_routine` WRITE;
/*!40000 ALTER TABLE `member_routine` DISABLE KEYS */;
INSERT INTO `member_routine` VALUES (5,'2023-11-08 16:29:19.181031','2023-11-13 00:35:31.939669',1,'09:00:00',2,4),(6,'2023-11-08 16:29:19.181031','2023-11-13 00:35:34.678067',1,'19:00:00',2,6),(7,'2023-11-08 16:29:19.181031','2023-11-13 00:33:27.520940',1,'09:00:00',2,11),(9,'2023-11-08 16:29:19.181031','2023-11-12 20:48:10.099040',1,'09:00:00',2,23),(10,'2023-11-08 16:29:19.181031','2023-11-12 20:48:21.090929',1,'09:00:00',2,30),(11,'2023-11-08 16:29:19.181031','2023-11-12 22:13:08.141083',1,'09:00:00',2,31),(12,'2023-11-08 16:29:19.181031','2023-11-13 00:28:21.431472',1,'09:00:00',2,33),(13,'2023-11-08 16:29:19.181031','2023-11-13 00:32:06.920546',1,'13:00:00',2,35),(20,'2023-11-08 16:32:34.581076','2023-11-13 00:33:25.154720',1,'19:00:00',2,8),(21,'2023-11-08 16:32:34.581076','2023-11-12 21:48:40.794731',1,'19:00:00',2,17),(22,'2023-11-08 16:32:34.581076',NULL,1,'19:00:00',2,18),(32,'2023-11-09 18:41:10.871974',NULL,0,'13:00:00',8,20),(33,'2023-11-09 18:41:10.871974',NULL,0,'13:00:00',8,21),(35,'2023-11-10 01:00:44.963127',NULL,0,'13:00:00',4,3),(36,'2023-11-10 01:00:44.963127','2023-11-12 19:33:09.995468',1,'09:00:00',4,15),(38,'2023-11-10 01:01:46.001546',NULL,0,'13:00:00',4,1),(45,'2023-11-12 22:36:13.822304','2023-11-12 22:36:19.370039',1,'19:00:00',7,4),(46,'2023-11-13 10:30:10.091077','2023-11-13 10:30:39.170098',1,'09:00:00',6,4),(47,'2023-11-13 10:30:10.091077',NULL,0,'13:00:00',6,20),(48,'2023-11-13 10:30:10.091077',NULL,0,'13:00:00',6,21),(49,'2023-11-13 12:19:17.220524','2023-11-13 12:19:27.998298',1,'13:00:00',10,29),(50,'2023-11-13 17:17:14.150388',NULL,0,'13:00:00',19,6),(51,'2023-11-13 17:17:14.150388',NULL,0,'13:00:00',19,9),(52,'2023-11-13 17:17:14.150388',NULL,0,'13:00:00',19,10),(53,'2023-11-13 17:17:14.150388',NULL,0,'13:00:00',19,11),(54,'2023-11-13 17:17:14.150388',NULL,0,'13:00:00',19,21),(55,'2023-11-13 17:17:14.150388',NULL,0,'13:00:00',19,29),(56,'2023-11-13 17:17:14.150388',NULL,0,'13:00:00',19,34),(57,'2023-11-13 17:53:39.608180',NULL,0,'13:00:00',22,4),(58,'2023-11-13 17:53:39.608180',NULL,0,'13:00:00',22,16),(59,'2023-11-13 17:53:39.608180',NULL,0,'13:00:00',22,21),(60,'2023-11-13 17:53:39.608180',NULL,0,'13:00:00',22,29),(61,'2023-11-13 17:53:39.608180',NULL,0,'13:00:00',22,34),(64,'2023-11-13 21:08:24.942679',NULL,0,'13:00:00',17,4),(65,'2023-11-13 21:08:24.942679',NULL,0,'13:00:00',17,11),(67,'2023-11-13 21:08:38.755269',NULL,0,'13:00:00',17,1),(68,'2023-11-13 21:08:46.405098',NULL,0,'13:00:00',17,2),(69,'2023-11-13 21:10:41.232843',NULL,0,'13:00:00',17,8),(70,'2023-11-13 21:11:52.540276',NULL,0,'13:00:00',17,9),(71,'2023-11-13 21:45:38.047843','2023-11-13 21:45:52.781872',1,'13:00:00',26,1),(72,'2023-11-13 21:45:38.047843',NULL,0,'13:00:00',26,5),(73,'2023-11-13 21:45:38.047843',NULL,0,'13:00:00',26,6),(74,'2023-11-13 21:45:38.047843',NULL,0,'13:00:00',26,8),(78,'2023-11-14 11:39:26.025511',NULL,0,'13:00:00',32,4),(79,'2023-11-14 11:39:26.025511',NULL,0,'13:00:00',32,16),(80,'2023-11-14 11:39:26.025511',NULL,0,'13:00:00',32,20),(81,'2023-11-14 11:39:26.025511',NULL,0,'13:00:00',32,21),(85,'2023-11-14 13:00:46.120674',NULL,0,'13:00:00',11,4),(92,'2023-11-14 13:45:16.214879',NULL,0,'13:00:00',1,1),(93,'2023-11-14 13:45:16.214879','2023-11-14 13:57:51.589377',1,'13:00:00',1,3),(94,'2023-11-14 13:45:16.214879','2023-11-14 13:57:48.912352',1,'13:00:00',1,4),(95,'2023-11-14 13:45:16.214879',NULL,0,'13:00:00',1,6),(96,'2023-11-14 13:45:16.214879','2023-11-14 14:29:38.279588',1,'13:00:00',1,7),(97,'2023-11-14 13:45:16.214879',NULL,0,'13:00:00',1,10),(101,'2023-11-14 13:55:46.806422','2023-11-15 14:27:55.883251',1,'09:00:00',11,8),(102,'2023-11-14 13:55:46.806422','2023-11-15 14:28:17.236400',1,'13:00:00',11,9),(103,'2023-11-14 13:55:46.806422','2023-11-15 14:33:36.418147',1,'13:00:00',11,10),(106,'2023-11-14 13:55:46.806422',NULL,0,'13:00:00',11,13),(114,'2023-11-14 13:57:43.874195',NULL,0,'13:00:00',1,11),(115,'2023-11-14 14:29:24.824408',NULL,0,'13:00:00',1,2),(116,'2023-11-14 14:29:24.824408',NULL,0,'13:00:00',1,5),(129,'2023-11-15 13:50:10.633031',NULL,0,'13:00:00',11,22),(133,'2023-11-15 14:29:09.333588',NULL,0,'13:00:00',11,27),(134,'2023-11-15 14:29:09.333588',NULL,0,'13:00:00',11,29),(136,'2023-11-15 14:37:25.227241',NULL,0,'13:00:00',11,34),(143,'2023-11-15 14:53:33.337527',NULL,0,'13:00:00',3,21),(144,'2023-11-15 14:53:33.337527',NULL,0,'13:00:00',3,27),(145,'2023-11-15 14:53:33.337527','2023-11-15 14:53:42.392787',1,'19:00:00',3,29);
/*!40000 ALTER TABLE `member_routine` ENABLE KEYS */;
UNLOCK TABLES;

--
-- Table structure for table `member_routine_log`
--

DROP TABLE IF EXISTS `member_routine_log`;
/*!40101 SET @saved_cs_client     = @@character_set_client */;
/*!50503 SET character_set_client = utf8mb4 */;
CREATE TABLE `member_routine_log` (
  `member_routine_log_id` bigint(20) NOT NULL AUTO_INCREMENT,
  `date` date NOT NULL,
  `is_done` tinyint(1) DEFAULT 0,
  `member_id` bigint(20) NOT NULL,
  `routine_id` bigint(20) NOT NULL,
  PRIMARY KEY (`member_routine_log_id`),
  UNIQUE KEY `UK96u6a3vdqe7ur491d034xbo5k` (`member_id`,`routine_id`,`date`),
  KEY `FKg15hpq4qf29voiq6fkl5ofdij` (`routine_id`),
  CONSTRAINT `FK4mxf8spsmuewtgdb69osmog6j` FOREIGN KEY (`member_id`) REFERENCES `member` (`member_id`),
  CONSTRAINT `FKg15hpq4qf29voiq6fkl5ofdij` FOREIGN KEY (`routine_id`) REFERENCES `routine` (`routine_id`)
) ENGINE=InnoDB AUTO_INCREMENT=618 DEFAULT CHARSET=utf8mb4 COLLATE=utf8mb4_unicode_ci;
/*!40101 SET character_set_client = @saved_cs_client */;

--
-- Dumping data for table `member_routine_log`
--

LOCK TABLES `member_routine_log` WRITE;
/*!40000 ALTER TABLE `member_routine_log` DISABLE KEYS */;
INSERT INTO `member_routine_log` VALUES (1,'2023-11-08',0,3,27),(2,'2023-11-08',1,3,34),(4,'2023-11-08',1,3,16),(5,'2023-11-08',1,2,4),(6,'2023-11-08',1,2,6),(7,'2023-11-08',1,2,11),(9,'2023-11-08',1,2,23),(10,'2023-11-08',0,2,30),(11,'2023-11-08',0,2,31),(12,'2023-11-08',1,2,33),(13,'2023-11-08',1,2,35),(20,'2023-11-08',0,2,8),(21,'2023-11-08',0,2,17),(22,'2023-11-08',0,2,18),(23,'2023-11-08',0,4,20),(24,'2023-11-08',0,4,21),(26,'2023-11-09',0,4,21),(27,'2023-11-09',0,4,20),(28,'2023-11-09',1,2,18),(29,'2023-11-09',1,2,17),(30,'2023-11-09',1,2,8),(31,'2023-11-09',1,2,35),(32,'2023-11-09',1,2,33),(33,'2023-11-09',1,2,31),(34,'2023-11-09',1,2,30),(35,'2023-11-09',1,2,23),(36,'2023-11-09',1,2,11),(37,'2023-11-09',0,2,6),(38,'2023-11-09',0,2,4),(39,'2023-11-09',0,3,16),(40,'2023-11-09',0,3,34),(41,'2023-11-09',0,3,27),(59,'2023-11-09',0,6,34),(60,'2023-11-09',1,6,17),(61,'2023-11-09',1,6,20),(63,'2023-11-09',1,8,20),(64,'2023-11-09',1,8,21),(66,'2023-11-10',0,8,21),(67,'2023-11-10',0,8,20),(68,'2023-11-10',0,6,20),(69,'2023-11-10',0,6,17),(70,'2023-11-10',0,6,34),(71,'2023-11-10',0,4,21),(72,'2023-11-10',0,4,20),(73,'2023-11-10',0,2,18),(74,'2023-11-10',0,2,17),(75,'2023-11-10',0,2,8),(76,'2023-11-10',0,2,35),(77,'2023-11-10',0,2,33),(78,'2023-11-10',0,2,31),(79,'2023-11-10',0,2,30),(80,'2023-11-10',0,2,23),(81,'2023-11-10',0,2,11),(82,'2023-11-10',1,2,6),(83,'2023-11-10',1,2,4),(84,'2023-11-10',0,3,16),(85,'2023-11-10',0,3,34),(86,'2023-11-10',0,3,27),(97,'2023-11-10',0,4,3),(98,'2023-11-10',0,4,15),(100,'2023-11-10',0,4,1),(101,'2023-11-10',1,4,28),(103,'2023-11-10',1,6,4),(104,'2023-11-11',1,6,4),(105,'2023-11-11',0,4,28),(106,'2023-11-11',0,4,1),(107,'2023-11-11',0,4,15),(108,'2023-11-11',0,4,3),(109,'2023-11-11',0,8,21),(110,'2023-11-11',0,8,20),(111,'2023-11-11',1,6,20),(112,'2023-11-11',0,6,17),(113,'2023-11-11',1,6,34),(114,'2023-11-11',0,4,21),(115,'2023-11-11',0,4,20),(116,'2023-11-11',1,2,18),(117,'2023-11-11',1,2,17),(118,'2023-11-11',1,2,8),(119,'2023-11-11',0,2,35),(120,'2023-11-11',0,2,33),(121,'2023-11-11',0,2,31),(122,'2023-11-11',0,2,30),(123,'2023-11-11',0,2,23),(124,'2023-11-11',1,2,11),(125,'2023-11-11',1,2,6),(126,'2023-11-11',1,2,4),(127,'2023-11-11',0,3,16),(128,'2023-11-11',1,3,34),(129,'2023-11-11',1,3,27),(135,'2023-11-12',0,6,4),(136,'2023-11-12',0,4,28),(137,'2023-11-12',1,4,1),(138,'2023-11-12',0,4,15),(139,'2023-11-12',1,4,3),(140,'2023-11-12',0,8,21),(141,'2023-11-12',0,8,20),(142,'2023-11-12',1,6,20),(143,'2023-11-12',1,6,17),(144,'2023-11-12',1,6,34),(145,'2023-11-12',0,4,21),(146,'2023-11-12',1,4,20),(147,'2023-11-12',1,2,18),(148,'2023-11-12',1,2,17),(149,'2023-11-12',0,2,8),(150,'2023-11-12',1,2,35),(151,'2023-11-12',1,2,33),(152,'2023-11-12',1,2,31),(153,'2023-11-12',1,2,30),(154,'2023-11-12',1,2,23),(155,'2023-11-12',1,2,11),(156,'2023-11-12',0,2,6),(157,'2023-11-12',0,2,4),(158,'2023-11-12',1,3,16),(166,'2023-11-12',1,3,25),(167,'2023-11-12',1,3,30),(168,'2023-11-12',1,3,3),(169,'2023-11-12',0,7,4),(170,'2023-11-13',0,7,4),(171,'2023-11-13',0,3,3),(172,'2023-11-13',0,3,30),(173,'2023-11-13',0,3,25),(176,'2023-11-13',0,4,1),(177,'2023-11-13',0,4,15),(178,'2023-11-13',0,4,3),(179,'2023-11-13',0,8,21),(180,'2023-11-13',0,8,20),(186,'2023-11-13',1,2,18),(187,'2023-11-13',1,2,17),(188,'2023-11-13',1,2,8),(189,'2023-11-13',1,2,35),(190,'2023-11-13',1,2,33),(191,'2023-11-13',1,2,31),(192,'2023-11-13',1,2,30),(193,'2023-11-13',1,2,23),(194,'2023-11-13',1,2,11),(195,'2023-11-13',1,2,6),(196,'2023-11-13',1,2,4),(197,'2023-11-13',0,3,16),(201,'2023-11-13',1,6,4),(202,'2023-11-13',1,6,20),(203,'2023-11-13',1,6,21),(204,'2023-11-13',0,10,29),(205,'2023-11-13',0,19,6),(206,'2023-11-13',0,19,9),(207,'2023-11-13',0,19,10),(208,'2023-11-13',0,19,11),(209,'2023-11-13',0,19,21),(210,'2023-11-13',0,19,29),(211,'2023-11-13',0,19,34),(212,'2023-11-13',0,22,4),(213,'2023-11-13',0,22,16),(214,'2023-11-13',0,22,21),(215,'2023-11-13',0,22,29),(216,'2023-11-13',1,22,34),(219,'2023-11-13',1,17,4),(220,'2023-11-13',1,17,11),(222,'2023-11-13',1,17,1),(223,'2023-11-13',1,17,2),(224,'2023-11-13',1,17,8),(225,'2023-11-13',1,17,9),(226,'2023-11-13',0,26,1),(227,'2023-11-13',1,26,5),(228,'2023-11-13',1,26,6),(229,'2023-11-13',0,26,8),(233,'2023-11-14',0,26,8),(234,'2023-11-14',0,26,6),(235,'2023-11-14',0,26,5),(236,'2023-11-14',0,26,1),(237,'2023-11-14',0,17,9),(238,'2023-11-14',0,17,8),(239,'2023-11-14',0,17,2),(240,'2023-11-14',0,17,1),(241,'2023-11-14',0,17,11),(242,'2023-11-14',0,17,4),(243,'2023-11-14',0,22,34),(244,'2023-11-14',0,22,29),(245,'2023-11-14',0,22,21),(246,'2023-11-14',0,22,16),(247,'2023-11-14',0,22,4),(248,'2023-11-14',0,19,34),(249,'2023-11-14',0,19,29),(250,'2023-11-14',0,19,21),(251,'2023-11-14',0,19,11),(252,'2023-11-14',0,19,10),(253,'2023-11-14',0,19,9),(254,'2023-11-14',0,19,6),(255,'2023-11-14',0,10,29),(256,'2023-11-14',0,6,21),(257,'2023-11-14',0,6,20),(258,'2023-11-14',0,6,4),(259,'2023-11-14',0,7,4),(260,'2023-11-14',0,3,3),(261,'2023-11-14',0,3,30),(262,'2023-11-14',0,3,25),(263,'2023-11-14',0,4,1),(264,'2023-11-14',0,4,15),(265,'2023-11-14',0,4,3),(266,'2023-11-14',1,8,21),(267,'2023-11-14',1,8,20),(268,'2023-11-14',0,2,18),(269,'2023-11-14',0,2,17),(270,'2023-11-14',0,2,8),(271,'2023-11-14',0,2,35),(272,'2023-11-14',0,2,33),(273,'2023-11-14',0,2,31),(274,'2023-11-14',0,2,30),(275,'2023-11-14',0,2,23),(276,'2023-11-14',0,2,11),(277,'2023-11-14',0,2,6),(278,'2023-11-14',0,2,4),(279,'2023-11-14',0,3,16),(296,'2023-11-14',0,32,4),(297,'2023-11-14',0,32,16),(298,'2023-11-14',0,32,20),(299,'2023-11-14',0,32,21),(303,'2023-11-14',0,11,4),(304,'2023-11-14',0,11,5),(305,'2023-11-14',0,11,27),(306,'2023-11-14',0,11,29),(310,'2023-11-14',1,1,1),(311,'2023-11-14',1,1,3),(312,'2023-11-14',1,1,4),(313,'2023-11-14',1,1,6),(314,'2023-11-14',1,1,7),(315,'2023-11-14',0,1,10),(317,'2023-11-14',0,11,6),(318,'2023-11-14',0,11,7),(319,'2023-11-14',0,11,8),(320,'2023-11-14',0,11,9),(321,'2023-11-14',0,11,10),(322,'2023-11-14',0,11,11),(323,'2023-11-14',0,11,12),(324,'2023-11-14',0,11,13),(332,'2023-11-14',0,1,11),(333,'2023-11-14',0,1,2),(334,'2023-11-14',1,1,5),(336,'2023-11-14',0,3,4),(337,'2023-11-14',0,3,21),(339,'2023-11-14',0,3,27),(340,'2023-11-14',0,3,29),(346,'2023-11-15',0,1,5),(347,'2023-11-15',0,1,2),(348,'2023-11-15',0,1,11),(349,'2023-11-15',1,11,13),(352,'2023-11-15',1,11,10),(353,'2023-11-15',1,11,9),(354,'2023-11-15',1,11,8),(357,'2023-11-15',0,1,10),(358,'2023-11-15',0,1,7),(359,'2023-11-15',0,1,6),(360,'2023-11-15',0,1,4),(361,'2023-11-15',0,1,3),(362,'2023-11-15',0,1,1),(366,'2023-11-15',1,11,4),(367,'2023-11-15',0,32,21),(368,'2023-11-15',0,32,20),(369,'2023-11-15',0,32,16),(370,'2023-11-15',0,32,4),(371,'2023-11-15',0,26,8),(372,'2023-11-15',0,26,6),(373,'2023-11-15',0,26,5),(374,'2023-11-15',0,26,1),(375,'2023-11-15',0,17,9),(376,'2023-11-15',0,17,8),(377,'2023-11-15',0,17,2),(378,'2023-11-15',0,17,1),(379,'2023-11-15',0,17,11),(380,'2023-11-15',0,17,4),(381,'2023-11-15',0,22,34),(382,'2023-11-15',0,22,29),(383,'2023-11-15',0,22,21),(384,'2023-11-15',0,22,16),(385,'2023-11-15',0,22,4),(386,'2023-11-15',0,19,34),(387,'2023-11-15',0,19,29),(388,'2023-11-15',0,19,21),(389,'2023-11-15',0,19,11),(390,'2023-11-15',0,19,10),(391,'2023-11-15',0,19,9),(392,'2023-11-15',0,19,6),(393,'2023-11-15',0,10,29),(394,'2023-11-15',0,6,21),(395,'2023-11-15',0,6,20),(396,'2023-11-15',0,6,4),(397,'2023-11-15',0,7,4),(401,'2023-11-15',1,4,1),(402,'2023-11-15',0,4,15),(403,'2023-11-15',0,4,3),(404,'2023-11-15',0,8,21),(405,'2023-11-15',0,8,20),(406,'2023-11-15',0,2,18),(407,'2023-11-15',0,2,17),(408,'2023-11-15',0,2,8),(409,'2023-11-15',0,2,35),(410,'2023-11-15',0,2,33),(411,'2023-11-15',0,2,31),(412,'2023-11-15',0,2,30),(413,'2023-11-15',0,2,23),(414,'2023-11-15',0,2,11),(415,'2023-11-15',0,2,6),(416,'2023-11-15',0,2,4),(474,'2023-11-15',1,11,22),(478,'2023-11-15',1,11,27),(479,'2023-11-15',1,11,29),(481,'2023-11-15',1,11,34),(488,'2023-11-15',1,3,21),(489,'2023-11-15',1,3,27),(490,'2023-11-15',1,3,29),(491,'2023-11-16',0,3,29),(492,'2023-11-16',0,3,27),(493,'2023-11-16',0,3,21),(494,'2023-11-16',0,11,34),(495,'2023-11-16',0,11,29),(496,'2023-11-16',0,11,27),(497,'2023-11-16',0,11,22),(498,'2023-11-16',0,1,5),(499,'2023-11-16',0,1,2),(500,'2023-11-16',0,1,11),(501,'2023-11-16',0,11,13),(502,'2023-11-16',0,11,10),(503,'2023-11-16',0,11,9),(504,'2023-11-16',0,11,8),(505,'2023-11-16',0,1,10),(506,'2023-11-16',0,1,7),(507,'2023-11-16',0,1,6),(508,'2023-11-16',0,1,4),(509,'2023-11-16',0,1,3),(510,'2023-11-16',0,1,1),(511,'2023-11-16',0,11,4),(512,'2023-11-16',0,32,21),(513,'2023-11-16',0,32,20),(514,'2023-11-16',0,32,16),(515,'2023-11-16',0,32,4),(516,'2023-11-16',0,26,8),(517,'2023-11-16',0,26,6),(518,'2023-11-16',0,26,5),(519,'2023-11-16',0,26,1),(520,'2023-11-16',0,17,9),(521,'2023-11-16',0,17,8),(522,'2023-11-16',0,17,2),(523,'2023-11-16',0,17,1),(524,'2023-11-16',0,17,11),(525,'2023-11-16',0,17,4),(526,'2023-11-16',0,22,34),(527,'2023-11-16',0,22,29),(528,'2023-11-16',0,22,21),(529,'2023-11-16',0,22,16),(530,'2023-11-16',0,22,4),(531,'2023-11-16',0,19,34),(532,'2023-11-16',0,19,29),(533,'2023-11-16',0,19,21),(534,'2023-11-16',0,19,11),(535,'2023-11-16',0,19,10),(536,'2023-11-16',0,19,9),(537,'2023-11-16',0,19,6),(538,'2023-11-16',0,10,29),(539,'2023-11-16',0,6,21),(540,'2023-11-16',0,6,20),(541,'2023-11-16',0,6,4),(542,'2023-11-16',0,7,4),(543,'2023-11-16',1,4,1),(544,'2023-11-16',0,4,15),(545,'2023-11-16',0,4,3),(546,'2023-11-16',0,8,21),(547,'2023-11-16',0,8,20),(548,'2023-11-16',0,2,18),(549,'2023-11-16',0,2,17),(550,'2023-11-16',0,2,8),(551,'2023-11-16',0,2,35),(552,'2023-11-16',0,2,33),(553,'2023-11-16',0,2,31),(554,'2023-11-16',0,2,30),(555,'2023-11-16',0,2,23),(556,'2023-11-16',0,2,11),(557,'2023-11-16',0,2,6),(558,'2023-11-16',0,2,4);
/*!40000 ALTER TABLE `member_routine_log` ENABLE KEYS */;
UNLOCK TABLES;

--
-- Table structure for table `notification_configuration`
--

DROP TABLE IF EXISTS `notification_configuration`;
/*!40101 SET @saved_cs_client     = @@character_set_client */;
/*!50503 SET character_set_client = utf8mb4 */;
CREATE TABLE `notification_configuration` (
  `notification_configuration_id` bigint(20) NOT NULL AUTO_INCREMENT,
  `created_date` datetime(6) NOT NULL,
  `updated_date` datetime(6) DEFAULT NULL,
  `is_check_routine_active` tinyint(1) DEFAULT 0,
  `is_individual_routine_active` tinyint(1) DEFAULT 0,
  `member_id` bigint(20) NOT NULL,
  PRIMARY KEY (`notification_configuration_id`),
  UNIQUE KEY `unique_notification_configuration` (`member_id`),
  CONSTRAINT `FKh35hypbrgqsq8tka9ltqgf9sb` FOREIGN KEY (`member_id`) REFERENCES `member` (`member_id`)
) ENGINE=InnoDB AUTO_INCREMENT=71 DEFAULT CHARSET=utf8mb4 COLLATE=utf8mb4_unicode_ci;
/*!40101 SET character_set_client = @saved_cs_client */;

--
-- Dumping data for table `notification_configuration`
--

LOCK TABLES `notification_configuration` WRITE;
/*!40000 ALTER TABLE `notification_configuration` DISABLE KEYS */;
INSERT INTO `notification_configuration` VALUES (1,'2023-11-08 13:19:29.111929','2023-11-12 21:58:42.159801',1,1,1),(2,'2023-11-08 13:24:43.683037','2023-11-09 22:47:39.770692',1,1,2),(3,'2023-11-08 15:45:58.952944','2023-11-12 22:36:19.702819',1,1,3),(4,'2023-11-08 17:38:47.206480','2023-11-08 17:38:47.206480',1,1,4),(5,'2023-11-09 10:42:09.207556','2023-11-09 10:42:09.207556',1,1,5),(6,'2023-11-09 11:04:08.180903','2023-11-10 15:26:07.047305',1,1,6),(7,'2023-11-09 13:35:05.020852','2023-11-09 13:35:05.020852',1,1,7),(8,'2023-11-09 18:37:57.682071','2023-11-09 18:41:47.468638',1,1,8),(9,'2023-11-12 19:41:49.435185','2023-11-12 19:41:49.435185',1,1,9),(10,'2023-11-13 12:17:50.590640','2023-11-13 12:17:50.590640',1,1,10),(11,'2023-11-13 13:46:08.442154','2023-11-13 13:56:31.669258',1,1,11),(12,'2023-11-13 14:05:28.819389','2023-11-13 14:05:28.819389',1,1,12),(13,'2023-11-13 16:41:02.700512','2023-11-13 16:41:02.700512',1,1,13),(14,'2023-11-13 16:52:45.664039','2023-11-13 16:52:45.664039',1,1,14),(15,'2023-11-13 16:53:27.677003','2023-11-13 16:53:27.677003',1,1,15),(16,'2023-11-13 16:58:18.203679','2023-11-13 16:58:18.203679',1,1,16),(17,'2023-11-13 17:04:28.391761','2023-11-13 17:04:28.391761',1,1,17),(18,'2023-11-13 17:13:07.658417','2023-11-13 17:13:07.658417',1,1,18),(19,'2023-11-13 17:15:35.775784','2023-11-13 17:15:35.775784',1,1,19),(20,'2023-11-13 17:24:14.690980','2023-11-13 17:24:14.690980',1,1,20),(21,'2023-11-13 17:24:25.902447','2023-11-13 17:24:25.902447',1,1,21),(22,'2023-11-13 17:51:55.183285','2023-11-13 17:51:55.183285',1,1,22),(23,'2023-11-13 18:05:07.766288','2023-11-13 18:05:07.766288',1,1,23),(24,'2023-11-13 18:14:44.782711','2023-11-13 18:14:44.782711',1,1,24),(25,'2023-11-13 18:44:50.186860','2023-11-13 18:44:50.186860',1,1,25),(26,'2023-11-13 21:42:30.426817','2023-11-13 21:42:30.426817',1,1,26),(27,'2023-11-13 22:16:34.276595','2023-11-13 22:16:34.276595',1,1,27),(28,'2023-11-13 22:23:13.141382','2023-11-13 22:23:13.141382',1,1,28),(29,'2023-11-14 08:27:17.697715','2023-11-14 08:27:17.697715',1,1,29),(30,'2023-11-14 11:31:50.016120','2023-11-14 11:31:50.016120',1,1,30),(31,'2023-11-14 11:34:08.112445','2023-11-14 11:34:08.112445',1,1,31),(32,'2023-11-14 11:37:25.765848','2023-11-14 11:37:25.765848',1,1,32),(33,'2023-11-14 11:41:04.974792','2023-11-14 11:41:04.974792',1,1,33),(34,'2023-11-14 11:43:53.795075','2023-11-14 11:43:53.795075',1,1,34),(35,'2023-11-14 14:18:52.656807','2023-11-14 14:18:52.656807',1,1,35),(36,'2023-11-14 14:20:38.236055','2023-11-14 14:20:38.236055',1,1,36),(37,'2023-11-14 14:21:29.406018','2023-11-14 14:21:29.406018',1,1,37),(38,'2023-11-14 14:34:10.709332','2023-11-14 14:34:10.709332',1,1,38),(39,'2023-11-14 14:36:24.212972','2023-11-14 14:36:24.212972',1,1,39),(40,'2023-11-14 15:12:06.610019','2023-11-14 15:12:06.610019',1,1,40),(41,'2023-11-14 15:12:07.867319','2023-11-14 15:12:07.867319',1,1,41),(42,'2023-11-14 15:12:44.787897','2023-11-14 15:12:44.787897',1,1,42),(43,'2023-11-14 15:13:15.980043','2023-11-14 15:13:15.980043',1,1,43),(44,'2023-11-14 16:20:42.803740','2023-11-14 16:20:42.803740',1,1,44),(45,'2023-11-14 16:20:45.877306','2023-11-14 16:20:45.877306',1,1,45),(46,'2023-11-14 16:20:49.955997','2023-11-14 16:20:49.955997',1,1,46),(47,'2023-11-14 16:20:50.211677','2023-11-14 16:20:50.211677',1,1,47),(48,'2023-11-14 16:20:51.480485','2023-11-14 16:20:51.480485',1,1,48),(49,'2023-11-14 16:21:01.310802','2023-11-14 16:21:01.310802',1,1,49),(50,'2023-11-14 16:21:37.560983','2023-11-14 16:21:37.560983',1,1,50),(51,'2023-11-14 16:24:17.660693','2023-11-14 16:24:17.660693',1,1,51),(52,'2023-11-15 01:33:40.851963','2023-11-15 01:33:40.851963',1,1,52),(53,'2023-11-15 09:42:28.358542','2023-11-15 09:42:28.358542',1,1,53),(54,'2023-11-15 10:07:14.312285','2023-11-15 10:07:14.312285',1,1,54),(55,'2023-11-15 10:08:22.442270','2023-11-15 10:08:22.442270',1,1,55),(56,'2023-11-15 10:17:34.211479','2023-11-15 10:17:34.211479',1,1,56),(57,'2023-11-15 10:17:49.618324','2023-11-15 10:17:49.618324',1,1,57),(58,'2023-11-15 10:22:07.238297','2023-11-15 10:22:07.238297',1,1,58),(59,'2023-11-15 10:22:46.303800','2023-11-15 10:22:46.303800',1,1,59),(60,'2023-11-15 10:23:06.554811','2023-11-15 10:23:06.554811',1,1,60),(61,'2023-11-15 10:29:26.778551','2023-11-15 10:29:26.778551',1,1,61),(62,'2023-11-15 10:49:55.990398','2023-11-15 10:49:55.990398',1,1,62),(63,'2023-11-15 10:56:44.259013','2023-11-15 10:56:44.259013',1,1,63),(64,'2023-11-15 11:26:34.291253','2023-11-15 11:26:34.291253',1,1,64),(65,'2023-11-15 14:17:29.914304','2023-11-15 14:17:29.914304',1,1,65),(66,'2023-11-15 16:13:36.706427','2023-11-15 16:13:36.706427',1,1,66),(67,'2023-11-15 16:36:44.398091','2023-11-15 16:36:44.398091',1,1,67),(68,'2023-11-15 17:52:54.755288','2023-11-15 17:52:54.755288',1,1,68),(69,'2023-11-15 21:03:03.115948','2023-11-15 21:03:03.115948',1,1,69),(70,'2023-11-16 08:50:25.403239','2023-11-16 08:50:25.403239',1,1,70);
/*!40000 ALTER TABLE `notification_configuration` ENABLE KEYS */;
UNLOCK TABLES;

--
-- Table structure for table `notification_token`
--

DROP TABLE IF EXISTS `notification_token`;
/*!40101 SET @saved_cs_client     = @@character_set_client */;
/*!50503 SET character_set_client = utf8mb4 */;
CREATE TABLE `notification_token` (
  `notification_token_id` bigint(20) NOT NULL AUTO_INCREMENT,
  `created_date` datetime(6) DEFAULT NULL,
  `device_info` varchar(255) NOT NULL,
  `refresh_date` datetime(6) DEFAULT NULL,
  `token` varchar(255) NOT NULL,
  `member_id` bigint(20) NOT NULL,
  PRIMARY KEY (`notification_token_id`),
  KEY `FKqld7c8jfn885g6opo7e8f864k` (`member_id`),
  CONSTRAINT `FKqld7c8jfn885g6opo7e8f864k` FOREIGN KEY (`member_id`) REFERENCES `member` (`member_id`)
) ENGINE=InnoDB AUTO_INCREMENT=114 DEFAULT CHARSET=utf8mb4 COLLATE=utf8mb4_unicode_ci;
/*!40101 SET character_set_client = @saved_cs_client */;

--
-- Dumping data for table `notification_token`
--

LOCK TABLES `notification_token` WRITE;
/*!40000 ALTER TABLE `notification_token` DISABLE KEYS */;
INSERT INTO `notification_token` VALUES (8,'2023-11-08 17:41:17.949409','Mozilla/5.0 (Linux; Android 10; K) AppleWebKit/537.36 (KHTML, like Gecko) Chrome/119.0.0.0 Mobile Safari/537.36','2023-11-10 13:58:17.472371','dCLLDT4f8jZ3-O2VUnHXMC:APA91bHM49ZIeZLRKSzaeha-0kuZQXXZ9gqQzxrzdXWrq0gOh3wuZpO3U_MuuBcxfHHvyDYUq49SLL1NnRzanBv1jP1VeQkRxd4HMRBNqKicvoujSQ4BnWIl8Cbk8VpdXtRxG8LXvzD-',4),(28,'2023-11-09 15:40:25.062728','Mozilla/5.0 (Windows NT 10.0; Win64; x64) AppleWebKit/537.36 (KHTML, like Gecko) Chrome/118.0.0.0 Safari/537.36','2023-11-09 15:40:25.062534','fPM1YnRrSEc6siz3ArPz0L:APA91bGmNxcr2HRVf2gfQLbH7nVs9L8GRAh-ydqXjyusGlzrrSChOb3ElfO3FHu38Uh5xBHMLy7FHicRPeowU9ixipgLz0RrBXbme3HkmEgqETEeJE0HuwO_d0aNuFnktdg1Txv6sbxD',6),(30,'2023-11-09 21:26:06.925937','Mozilla/5.0 (Macintosh; Intel Mac OS X 10_15_7) AppleWebKit/537.36 (KHTML, like Gecko) Chrome/118.0.0.0 Safari/537.36','2023-11-09 23:32:14.357485','d3KQOFMn6MJnlceLp4xoyX:APA91bGKkurB-VP4yJKI65pUfAvXxJ7s4W6Ujs5bQ9NQ_y9BaF1lD_iU7uuAFs6Tw0jU086nvHMJ_llUQzkBNCBI3E2r59CcyYNOSrSgy0_oOqttXNkqvzPwBP4b6hcmdICqJi3fCOMW',3),(34,'2023-11-10 09:44:26.688289','Mozilla/5.0 (Linux; Android 13; SM-G986N) AppleWebKit/537.36 (KHTML, like Gecko) Chrome/108.0.0.0 Mobile Safari/537.36','2023-11-10 10:03:33.917242','faEVx_zle-u_Yg15am8E2V:APA91bGGNqx44qZ7Q6CpBedL9OojPneZfHQgVSGNr8Zp34nU6D5WXjEVmFSga95U_b4GIRGBX2ZcKrZtfS-5dZsUAUBsJCb2_sww26QpDSJLNtB7dhbz3nCi2wZhSh1wbi0dvyKDxntU',3),(35,'2023-11-10 10:05:35.340588','Mozilla/5.0 (Linux; Android 13; SM-G986N) AppleWebKit/537.36 (KHTML, like Gecko) Chrome/108.0.0.0 Mobile Safari/537.36','2023-11-10 10:05:35.340423','cLO3-NNUhhpTx-tZyVc7oy:APA91bFIGX9Sj623joHlw-Ojn5HrHZmjPxD6BI3t214bOQp_D-QA0vsZq5gMHpn_KzTD3Cuim46hVzQHVp1HAiwb7S1BV-HPGb7rVNz_uoL7vzAEGfGGic-9HRCoLyFCkDCcJHP0KAHR',3),(38,'2023-11-10 10:57:32.523625','Mozilla/5.0 (Windows NT 10.0; Win64; x64) AppleWebKit/537.36 (KHTML, like Gecko) Chrome/119.0.0.0 Safari/537.36','2023-11-13 09:11:40.165589','cLCM-wFcxd9Dx5ZoYYlapi:APA91bGkSUhVHbwoaXPWzYrdN2VSF4hv3uvBC0tI8eEOy40rb8GPL-6I5YCtSymcK12tmx450BJSb9TTBvwqBFEW7ivtI69FFV4SVc95po5NMeA52lByTvTavik2KNUQGEU43xCNnprN',6),(41,'2023-11-10 10:59:32.215011','Mozilla/5.0 (Linux; Android 13; SM-G986N) AppleWebKit/537.36 (KHTML, like Gecko) Chrome/108.0.0.0 Mobile Safari/537.36','2023-11-10 12:27:44.731418','fEULBNUqW4Qh0eW09zaZPg:APA91bEquGO7brKZvCxxGpSG0YEi0-7wgdT46_i9o9iByBL-s3cfr96uC9k40O4gjSNqNA2NL-c6fnPpWKV1KLjuXMFb63cBCLdWH0tZafovf_jeic2p8xPjel7KII3TO2SJkpHYsXHc',6),(52,'2023-11-10 17:39:04.837899','Mozilla/5.0 (Linux; Android 10; K) AppleWebKit/537.36 (KHTML, like Gecko) Chrome/111.0.0.0 Mobile Safari/537.36','2023-11-13 14:18:23.062478','fdLOSYTQrr_3eHX6jiPnPa:APA91bGo0CeEDkxrVYFHOBgGa5vTfcF2M0ZHEqt0jmiskU4W34hPMD4LA2-jA3Wi8jEZLCV9LKHWgKwqioIMZ0ZyIS31kiPuYrjQCF21T4F6wJrsNSjobqNNBu1ZUCG8at4Myhs4AhC_',3),(53,'2023-11-11 18:40:02.501684','Mozilla/5.0 (Windows NT 10.0; Win64; x64) AppleWebKit/537.36 (KHTML, like Gecko) Chrome/119.0.0.0 Safari/537.36','2023-11-11 18:40:02.501386','dK_QKWyvd-OoiaxzIy0ViX:APA91bHjFJIaz0jZGEoH4xgmfb49PMk5sMl-tzDJzU23Gof_sMPSeE6VpZUIqrEOOr84aSB-DmpZH2LTjFWjp56y_h9ZFEJPN1x70Ak2CID2nidwYRnfg25_4U43RX5WnEH3r-7ctLeu',6),(54,'2023-11-12 15:44:36.615250','Mozilla/5.0 (Macintosh; Intel Mac OS X 10_15_7) AppleWebKit/537.36 (KHTML, like Gecko) Chrome/119.0.0.0 Safari/537.36','2023-11-12 15:44:36.615072','eaxW82voWw-p0X-UMEuzvh:APA91bFoQ3YMAuIBWyWPIJ1UZiJBDA2xOyfKuEMbT65irm3V-yZZ8KlNskO0Cwuk7RfzfvnYDhEmC8Gw7mNJjAQguYLFg5_aV4CO5uRBICCLx8NoEFAKzN1euuz6aCmMovqPM_A-chfY',3),(66,'2023-11-12 20:02:53.591856','Mozilla/5.0 (Windows NT 10.0; Win64; x64) AppleWebKit/537.36 (KHTML, like Gecko) Chrome/119.0.0.0 Safari/537.36','2023-11-13 00:32:01.853706','dRiJbr16Z2wocuigp51GbT:APA91bHqlH6QH5YCUh6YOgpMbQSpVJPnkaQtyEGqi9CIRBGrx7sNoAjOOSGMHe6cnrI9CqNODr-n7L2k0hWxiaDoR76sz8VdoFB0mS2Ea0O8zfx_MRDR9zQIiT4Anb_X5l8-mOcRKveq',2),(67,'2023-11-12 22:15:15.120020','Mozilla/5.0 (Macintosh; Intel Mac OS X 10_15_7) AppleWebKit/537.36 (KHTML, like Gecko) Chrome/119.0.0.0 Safari/537.36','2023-11-12 22:15:15.119826','d3KQOFMn6MJnlceLp4xoyX:APA91bE4RYKvTKFXPAjbfF3e4glIgqzz9AX73aKx_r7Rxs8iNvO3ha09fnLtLPLB_SZFK0uJLiD5mAfrjswUrAVxB3zifD6Oy1vdO6DCsGEsnif2wgon_qt8TIsU7BaQ71Fn4pzJLFQ9',3),(68,'2023-11-12 22:15:42.990993','Mozilla/5.0 (iPhone; CPU iPhone OS 17_0_3 like Mac OS X) AppleWebKit/605.1.15 (KHTML, like Gecko) Version/17.0.1 Mobile/15E148 Safari/604.1','2023-11-13 14:17:38.621460','cDts6STdwsXpK8xceZGNob:APA91bH6ZfINPe88rQk1bgG40lCgEDMopIf4qqGlfgHMIJ0muqYRzESsjaOtvYx-T4nzYgWa9vEdSrP6VZlFsvZplrLCmOn70OjB1ZZuARoZxhM58Rh7COfdjo8U5fxpuphMfnZmuBT-',7),(70,'2023-11-12 22:31:55.891314','Mozilla/5.0 (Macintosh; Intel Mac OS X 10_15_7) AppleWebKit/537.36 (KHTML, like Gecko) Chrome/119.0.0.0 Safari/537.36','2023-11-12 22:36:19.704741','d3KQOFMn6MJnlceLp4xoyX:APA91bGDQlUMsaD6zJPhMmH7rJWMaWc0TQmWElZojVum1S9ugsDEIGaISa6WK88PU4k6pOXVfJXCp6PbqoJeD9h9z62MYQIXhrBYdxz96JDhb0AtL9qdjuzimehyWnC3C1ZLfhrLkJp0',3),(72,'2023-11-13 00:49:57.521074','Mozilla/5.0 (Linux; Android 10; K) AppleWebKit/537.36 (KHTML, like Gecko) Chrome/119.0.0.0 Mobile Safari/537.36','2023-11-13 20:22:56.883085','dCLLDT4f8jZ3-O2VUnHXMC:APA91bEb2q7KWtK3rIcZoiIO2u9tFVJSpNZFsXQGVCr4gB3L-LY9S3QMBCXlXeYOTwWsljTvUQKqxH2wV-P8EcmlEJlELpgwz8--goz0GoZwToKLrmNEuohJ51Eudz2Rc4h3ywNRsolz',4),(75,'2023-11-13 12:44:23.965086','Mozilla/5.0 (Linux; Android 10; K) AppleWebKit/537.36 (KHTML, like Gecko) Chrome/119.0.0.0 Mobile Safari/537.36','2023-11-13 21:12:36.941909','cOSdVEtpUyY3E4KmZWGIRR:APA91bGoS8ebZV6Lo4TDnc3tLFk072VvASQmpO043MSt0Nh5NFiBusRIfN--nwGRZzyMwa7TdlN2moPRvXD16N-_pbzgVmLDwP5wCL4CRxuVVyToNxPwKD9WyAPaOH9IPmOAhV14lE1v',4),(82,'2023-11-13 13:33:34.005679','Mozilla/5.0 (Windows NT 10.0; Win64; x64) AppleWebKit/537.36 (KHTML, like Gecko) Chrome/119.0.0.0 Safari/537.36','2023-11-13 13:33:34.005495','frz6RaPdusRZ-huUiZ7_Xv:APA91bF8CZTde1AkVt20IjwhX7nTBH5hTYyvSKt4I6No-B-AKDUjsp7qEaZxW-tj62fi_1yn2snWRw5ptT-F1VJxFxrtkLFH5crhiZKeNO2-r4rXzmhWLErbDkrpbBRqAIA1mQg2SNt_',2),(84,'2023-11-13 13:48:59.470787','Mozilla/5.0 (iPhone; CPU iPhone OS 17_0_3 like Mac OS X) AppleWebKit/605.1.15 (KHTML, like Gecko) Version/17.0.1 Mobile/15E148 Safari/604.1','2023-11-13 13:48:59.470602','dtbcZQQb6XkgLwD4clFBKI:APA91bHdnYIXh0rh8LYwbmAMTAL53SvvXt89edov4RUtl_xHaY3tV32MUHml_KUGzZFyajxwGSMLHsNmFKo5zodmgOiFYsfEz_khpy9t1qqBQOgvOOumSExt4HBL16DtCBQ_kdcz2zQa',11),(85,'2023-11-13 20:56:41.451608','Mozilla/5.0 (Linux; Android 13; SAMSUNG SM-S911N/KSU2AWF5) AppleWebKit/537.36 (KHTML, like Gecko) SamsungBrowser/23.0 Chrome/115.0.0.0 Mobile Safari/537.36','2023-11-16 15:17:30.681021','d5_tgYouDFW7xaLUWcB8Px:APA91bH8wQMIAqnnP59UPQK3BqcqkWWSLoqGm3H9oKDCgKay150cbR8wF9uStzqEu07cxuVPo2hu-gftHD9ZMFfSKgepYt3TGeoNfYktOYGZV33exIr04Ttmi6kpllgir29du3tKEwfv',4),(87,'2023-11-14 10:38:19.944880','Mozilla/5.0 (Linux; Android 13; SAMSUNG SM-S911N/KSU2AWF5) AppleWebKit/537.36 (KHTML, like Gecko) SamsungBrowser/23.0 Chrome/115.0.0.0 Mobile Safari/537.36','2023-11-14 10:38:19.944717','eTVmNywsBHLTpChwTnfyZV:APA91bFnJZsdx2pO_BnvLVKs4vRPffJyejuxqbPKVQ-j7ZaaHTk_eot2yfKXQrqHI41o6uIoPxZi7K8xJEzKVBW7riwfe8EXMJtaonwqQDFNQdT8iJlB6hp0FHE6t-zwkBzIzdLx11yF',4),(94,'2023-11-14 13:21:25.145741','Mozilla/5.0 (Windows NT 10.0; Win64; x64) AppleWebKit/537.36 (KHTML, like Gecko) Chrome/118.0.0.0 Safari/537.36','2023-11-14 13:21:25.145562','c46ECYVfBQqM3-Xw-2hEUG:APA91bFS6Y7qeHRFDGZ6vUE8ZtRF1D9OO8svKC8bUwB6E7Xe51AI7-ltKbLc_HZIKibGFo3nbWmQDVd0Ly-TimhkOd2obeyaTf1EWZSxG6YUuNC4evbs00882JcfzVgR-tLkkDF2rTPj',1),(97,'2023-11-14 13:32:15.035452','Mozilla/5.0 (Windows NT 10.0; Win64; x64) AppleWebKit/537.36 (KHTML, like Gecko) Chrome/119.0.0.0 Safari/537.36','2023-11-14 13:32:15.035231','ceiGPLloN1lCrPFN0fCsZr:APA91bFrnK6FtpiLXPl-C3zx-bb-RDcCw1IKbp1gc-UN8oLE4lMGQCUkyURFnwgZ_Qj3RIBFnbhIcDNhSkDx0G9mXEiYSBEeXvgc35X3v6X-RM_5IvfVKybAf7oBBYhxSxNNoofya9wr',11),(98,'2023-11-14 13:57:21.676081','Mozilla/5.0 (Linux; Android 10; K) AppleWebKit/537.36 (KHTML, like Gecko) Chrome/119.0.0.0 Mobile Safari/537.36','2023-11-14 17:08:13.421611','cOSdVEtpUyY3E4KmZWGIRR:APA91bFIXQmBXITvpVt7m0WcpbOdke1WU_sLb5feFiu4E5gVrxHH0p5iVlQ88_6Bi-djTF8wMSHmxckAN3vlDgGViTC7mliyu87OliRD-XXsbpcPCzwFk-u3Hz4lyOvqRcHBymbIBKBB',4),(100,'2023-11-14 14:04:01.976520','Mozilla/5.0 (Linux; Android 10; K) AppleWebKit/537.36 (KHTML, like Gecko) Chrome/111.0.0.0 Mobile Safari/537.36','2023-11-15 10:37:05.042862','f_UxnXB7_EQTyQDdKG3rHT:APA91bEteZQnNmhdhVu6rvruPZ_bED5vnNF0wOuV8nmPFvgLBe698Rc1T6K9NRm6Vbi1BU0m9AXiRdu0MDuR8MWCkUC9fgjRT7t2RicDGVHICFjdARaPfHf6BUfZi6WB9wyrKK-SGFGu',3),(102,'2023-11-14 16:15:20.548067','Mozilla/5.0 (Windows NT 10.0; Win64; x64) AppleWebKit/537.36 (KHTML, like Gecko) Chrome/119.0.0.0 Safari/537.36','2023-11-14 16:15:20.547905','fP26y4cRrYDe4juw1L6Rts:APA91bEb26uRryt0orxL2IxpsWVnyYq27n7dsjOuHCkh_5ZfrlSAP8Sqav2WBNlB1FjK9HQpxwAMpZeqOsVjVmUE9ydGOsVmQr-ofZGrOop1fXXEpNCAU4HR-2AL56KG004rFg0AZ3Vp',3),(103,'2023-11-14 16:20:54.745129','Mozilla/5.0 (Linux; Android 13; SAMSUNG SM-A516N/KSU6FWH2) AppleWebKit/537.36 (KHTML, like Gecko) SamsungBrowser/22.0 Chrome/111.0.5563.116 Mobile Safari/537.36','2023-11-14 16:20:54.744979','f8auFCLD8XLlCzWHRScsqI:APA91bGICJcPurCTonlXgGCsnDVYBwgpGTYsgXLJCcj7RscTCFXpfWmhwUp9kUXJ15BEkxAxL-tzr27WEexwcEFCUS72MXtshfa4mpZwwgx2O0WMfswDoHRvmASm2DNYj9eosu3IQm_h',46),(104,'2023-11-14 16:21:05.781108','Mozilla/5.0 (Linux; Android 10; K) AppleWebKit/537.36 (KHTML, like Gecko) Chrome/119.0.0.0 Mobile Safari/537.36','2023-11-15 18:45:38.085998','dVxaE_T0zAqh5IZogu5WXL:APA91bG_IwsFAs0hbWIFosnnIafOn9ihGfS8l-ei2xfXd38-aV4Ajny25TWqor31CEt39QadwLLPC8JH0EkUaVAQIRa24BcnK1pnmry7A09wwtVhwQCr73P-E9D9rQ2kOjFAMzkgUs5C',49),(107,'2023-11-15 10:21:54.889624','Mozilla/5.0 (Linux; Android 10; K) AppleWebKit/537.36 (KHTML, like Gecko) Chrome/119.0.0.0 Mobile Safari/537.36','2023-11-15 10:21:54.889472','cWk1njphedYJ1KW-kDAK6z:APA91bGx-jLYqEmVJbweEq0XQ-bmAPdnl1l5JIKh2MQqqSbpuDW0WnjQ0L-R8hJBb5CU59Ag1WGHB4N3G0mhxWDDzXFhvxzhJrBWz3d3GAlkWKV8Ba0mUiGBE2KbaIJNhW9FppC77DNU',57),(108,'2023-11-15 10:29:31.765805','Mozilla/5.0 (Linux; Android 13; SAMSUNG SM-F711N) AppleWebKit/537.36 (KHTML, like Gecko) SamsungBrowser/23.0 Chrome/115.0.0.0 Mobile Safari/537.36','2023-11-15 10:29:31.765667','e-tvX_ABGcD8UEnk2lkTMt:APA91bF2cJ_hVrPRCQr7TaEcEvp2DqQzGkg_oaiTGOexT2w-BTkoDsTJhLlFA2ydcVo7wEPMGjO3WWgG35ySEDMKhrAnR8MXA1EYekKI4fhNNzPiBeVbDWBEokwt-Oqr9RZxzZAKhYB6',61),(110,'2023-11-15 13:24:14.809800','Mozilla/5.0 (Linux; Android 10; K) AppleWebKit/537.36 (KHTML, like Gecko) Chrome/111.0.0.0 Mobile Safari/537.36','2023-11-15 14:27:52.259138','drmAKkk6s3AzX4TPP5U8yT:APA91bHw3YpoHKJb3x38pI4ZwGGCknz7yCUJPVuFQOk8avOJQ9uT1Q8zPgtci8UcmwZy1pZeGkw8m2pVGEzOYfKW7PJhLOjYdOa69T490wLjOugA4mtY1Ro8uGgvpZQ4HMB4Tkc7BIuX',3),(111,'2023-11-15 15:57:46.911853','Mozilla/5.0 (Windows NT 10.0; Win64; x64) AppleWebKit/537.36 (KHTML, like Gecko) Chrome/119.0.0.0 Safari/537.36','2023-11-15 15:57:46.911659','fJXSpapi-bGEcbmi3eDs2l:APA91bFkXyxnNDawKIT_5eg6vOQTrMVayFXUcBs941dH1CzlS9n9fAS2ml32Ex4a4L5z-em3k2iGL6mVkCVdHBQL7FKIiYyOX6fe0U_8Sau9WWlC34vESGrCHFsvNpLst1AVM_rECuUo',11),(112,'2023-11-15 15:57:52.208361','Mozilla/5.0 (Windows NT 10.0; Win64; x64) AppleWebKit/537.36 (KHTML, like Gecko) Chrome/119.0.0.0 Safari/537.36','2023-11-15 15:57:52.208187','fJXSpapi-bGEcbmi3eDs2l:APA91bFr2q2NGHhua-ewoZrH8xRCGaTe2TZeHD2HE0HRWRZxU_Ns0kujhqH8Xcf0YjK5evW9dTqvRxHa3ozPvqwxBvfpSsNr4NuJYKqHmPpNyk0zz41A3cb2WcQ67tRHrCmydQZQ5fGR',11),(113,'2023-11-16 12:45:13.466134','Mozilla/5.0 (Linux; Android 10; K) AppleWebKit/537.36 (KHTML, like Gecko) Chrome/119.0.0.0 Mobile Safari/537.36','2023-11-16 15:15:39.724602','f9-TAU5mXXDXOGE7fgtJe8:APA91bGscwAb3q9J2ASyxbwL_F7DJjIn2-9_iKj1JuOIZszmsYF2rrPWOiJ60xfLF7Tr1JXC-swCaLW2wNZOmFJMWB5nhjLY3c1v0qLcW60YoeTZWEG15TkenAi61m_D1k_LKZSzUJKL',4);
/*!40000 ALTER TABLE `notification_token` ENABLE KEYS */;
UNLOCK TABLES;

--
-- Table structure for table `routine`
--

DROP TABLE IF EXISTS `routine`;
/*!40101 SET @saved_cs_client     = @@character_set_client */;
/*!50503 SET character_set_client = utf8mb4 */;
CREATE TABLE `routine` (
  `routine_id` bigint(20) NOT NULL AUTO_INCREMENT,
  `is_default` tinyint(1) DEFAULT 0,
  `is_value_1` tinyint(1) DEFAULT 0,
  `is_value_2` tinyint(1) DEFAULT 0,
  `is_value_3` tinyint(1) DEFAULT 0,
  `is_value_4` tinyint(1) DEFAULT 0,
  `is_value_5` tinyint(1) DEFAULT 0,
  `is_value_6` tinyint(1) DEFAULT 0,
  `routine_name` varchar(255) DEFAULT NULL,
  PRIMARY KEY (`routine_id`)
) ENGINE=InnoDB AUTO_INCREMENT=36 DEFAULT CHARSET=utf8mb4 COLLATE=utf8mb4_unicode_ci;
/*!40101 SET character_set_client = @saved_cs_client */;

--
-- Dumping data for table `routine`
--

LOCK TABLES `routine` WRITE;
/*!40000 ALTER TABLE `routine` DISABLE KEYS */;
INSERT INTO `routine` VALUES (1,0,1,0,0,0,0,0,'  '),(2,0,1,0,0,0,0,0,'    \\n '),(3,0,1,0,0,0,0,0,'    '),(4,1,0,0,0,0,0,0,'     '),(5,0,0,1,0,0,0,0,'   10 \\n 2 '),(6,0,0,1,0,0,0,0,'  2   \\n  '),(7,0,0,1,0,0,0,0,',    \\n  '),(8,0,0,1,0,0,0,0,'     '),(9,0,0,1,0,0,0,0,' 2  '),(10,0,0,0,1,0,0,0,'  '),(11,0,0,1,0,1,1,0,'  '),(12,0,0,0,1,0,0,0,',       \\n'),(13,0,0,1,1,0,0,0,'    '),(14,0,0,0,1,0,0,0,' '),(15,0,0,0,1,0,0,0,'  '),(16,1,0,0,0,0,0,0,',   '),(17,0,0,1,0,0,0,0,'    1~2  '),(18,0,0,0,0,0,1,0,'  '),(19,0,0,0,0,0,1,0,'     \\n 2~3 '),(20,1,0,0,0,0,0,0,' '),(21,1,0,0,0,0,0,0,'   '),(22,0,0,0,0,1,0,0,'  \\n( or )'),(23,0,0,0,0,1,0,0,'    '),(24,0,0,0,0,1,0,0,'   '),(25,0,0,0,0,0,0,1,'   '),(26,0,0,0,0,0,0,1,'  '),(27,1,0,0,0,0,0,0,''),(28,0,0,0,0,0,0,1,'  '),(29,1,0,0,0,0,0,0,'11  '),(30,0,0,0,0,0,0,1,'  \\n( : , , )'),(31,0,0,0,0,0,0,1,'  (,  )'),(32,0,0,0,0,0,0,1,'  '),(33,0,0,0,0,0,0,1,'  '),(34,1,0,0,0,0,0,0,''),(35,0,0,0,0,0,0,1,'  ');
/*!40000 ALTER TABLE `routine` ENABLE KEYS */;
UNLOCK TABLES;

--
-- Dumping routines for database 'hanol'
--
/*!40103 SET TIME_ZONE=@OLD_TIME_ZONE */;

/*!40101 SET SQL_MODE=@OLD_SQL_MODE */;
/*!40014 SET FOREIGN_KEY_CHECKS=@OLD_FOREIGN_KEY_CHECKS */;
/*!40014 SET UNIQUE_CHECKS=@OLD_UNIQUE_CHECKS */;
/*!40101 SET CHARACTER_SET_CLIENT=@OLD_CHARACTER_SET_CLIENT */;
/*!40101 SET CHARACTER_SET_RESULTS=@OLD_CHARACTER_SET_RESULTS */;
/*!40101 SET COLLATION_CONNECTION=@OLD_COLLATION_CONNECTION */;
/*!40111 SET SQL_NOTES=@OLD_SQL_NOTES */;

-- Dump completed on 2023-11-16 17:39:40
